#
# A fatal error has been detected by the Java Runtime Environment:
#
#  SIGABRT (0x6) at pc=0x000000018c4ea5e8, pid=43010, tid=5379
#
# JRE version: OpenJDK Runtime Environment JBR-21.0.10+7-1163.108-jcef (21.0.10+7) (build 21.0.10+7-b1163.108)
# Java VM: OpenJDK 64-Bit Server VM JBR-21.0.10+7-1163.108-jcef (21.0.10+7-b1163.108, mixed mode, sharing, tiered, compressed oops, compressed class ptrs, g1 gc, bsd-aarch64)
# Problematic frame:
# C  [libsystem_kernel.dylib+0x95e8]  __pthread_kill+0x8
#
# No core dump will be written. Core dumps have been disabled. To enable core dumping, try "ulimit -c unlimited" before starting Java again
#
# If you would like to submit a bug report, please visit:
#   https://youtrack.jetbrains.com/issues/JBR
#

---------------  S U M M A R Y ------------

Command Line: -Daether.connector.resumeDownloads=false -Dapple.awt.application.appearance=system -Dcompose.swing.render.on.graphics=true -Didea.classpath.index.enabled=false -Didea.config.path=/Users/stephan/IdeaProjects/DevoxxGenieIDEAPlugin/.intellijPlatform/sandbox/DevoxxGenie/IU-2025.3.3/config-test -Didea.force.use.core.classloader=true -Didea.home.path=/Users/stephan/IdeaProjects/DevoxxGenieIDEAPlugin/build/idea-sandbox -Didea.log.path=/Users/stephan/IdeaProjects/DevoxxGenieIDEAPlugin/.intellijPlatform/sandbox/DevoxxGenie/IU-2025.3.3/log-test -Didea.paths.selector=IntelliJIdea2025.3 -Didea.plugins.path=/Users/stephan/IdeaProjects/DevoxxGenieIDEAPlugin/.intellijPlatform/sandbox/DevoxxGenie/IU-2025.3.3/plugins-test -Didea.system.path=/Users/stephan/IdeaProjects/DevoxxGenieIDEAPlugin/.intellijPlatform/sandbox/DevoxxGenie/IU-2025.3.3/system-test -Didea.use.core.classloader.for.plugin.path=true -Didea.vendor.name=JetBrains -Dintellij.platform.runtime.repository.path=/Users/stephan/.gradle/caches/9.6.1/transforms/dc67bb6db46d49a62c982698aa2bb43c/transformed/idea-2025.3.3-aarch64/modules/module-descriptors.dat -Dintellij.testFramework.rethrow.logged.errors=true -Dio.netty.allocator.type=pooled -Djava.nio.file.spi.DefaultFileSystemProvider=com.intellij.platform.core.nio.fs.MultiRoutingFileSystemProvider -Djava.system.class.loader=com.intellij.util.lang.PathClassLoader -Djava.util.zip.use.nio.for.zip.file.access=true -Djbr.catch.SIGABRT=true -Djdk.attach.allowAttachSelf=true -Djdk.http.auth.tunneling.disabledSchemes="" -Djdk.module.illegalAccess.silent=true -Djdk.nio.maxCachedBufferSize=2097152 -Djna.boot.library.path=/Users/stephan/.gradle/caches/9.6.1/transforms/dc67bb6db46d49a62c982698aa2bb43c/transformed/idea-2025.3.3-aarch64/lib/jna/aarch64 -Djna.noclasspath=true -Djna.nosys=true -Dorg.gradle.internal.worker.tmpdir=/Users/stephan/IdeaProjects/DevoxxGenieIDEAPlugin/build/tmp/test/work -Dplugin.path=/Users/stephan/IdeaProjects/DevoxxGenieIDEAPlugin/.intellijPlatform/sandbox/DevoxxGenie/IU-2025.3.3/plugins-test/DevoxxGenie -Dpty4j.preferred.native.folder=/Users/stephan/.gradle/caches/9.6.1/transforms/dc67bb6db46d49a62c982698aa2bb43c/transformed/idea-2025.3.3-aarch64/lib/pty4j -Drider.tests.plugin.home.path=/Users/stephan/IdeaProjects/DevoxxGenieIDEAPlugin -Dskiko.library.path=/Users/stephan/.gradle/caches/9.6.1/transforms/dc67bb6db46d49a62c982698aa2bb43c/transformed/idea-2025.3.3-aarch64/lib/skiko-awt-runtime-all -Dsplash=true -Dsun.io.useCanonCaches=false -Dsun.java2d.metal=true -XX:JbrShrinkingGcMaxHeapFreeRatio=40 -XX:ReservedCodeCacheSize=512m -XX:+HeapDumpOnOutOfMemoryError -XX:-OmitStackTraceInFastThrow -XX:CICompilerCount=2 -XX:+IgnoreUnrecognizedVMOptions -XX:+UnlockDiagnosticVMOptions -XX:TieredOldPercentage=100000 -Xbootclasspath/a:/Users/stephan/.gradle/caches/9.6.1/transforms/dc67bb6db46d49a62c982698aa2bb43c/transformed/idea-2025.3.3-aarch64/lib/nio-fs.jar --add-opens=java.base/java.io=ALL-UNNAMED --add-opens=java.base/java.lang=ALL-UNNAMED --add-opens=java.base/java.lang.ref=ALL-UNNAMED --add-opens=java.base/java.lang.reflect=ALL-UNNAMED --add-opens=java.base/java.net=ALL-UNNAMED --add-opens=java.base/java.nio=ALL-UNNAMED --add-opens=java.base/java.nio.charset=ALL-UNNAMED --add-opens=java.base/java.text=ALL-UNNAMED --add-opens=java.base/java.time=ALL-UNNAMED --add-opens=java.base/java.util=ALL-UNNAMED --add-opens=java.base/java.util.concurrent=ALL-UNNAMED --add-opens=java.base/java.util.concurrent.atomic=ALL-UNNAMED --add-opens=java.base/java.util.concurrent.locks=ALL-UNNAMED --add-opens=java.base/jdk.internal.ref=ALL-UNNAMED --add-opens=java.base/jdk.internal.vm=ALL-UNNAMED --add-opens=java.base/sun.net.dns=ALL-UNNAMED --add-opens=java.base/sun.nio=ALL-UNNAMED --add-opens=java.base/sun.nio.ch=ALL-UNNAMED --add-opens=java.base/sun.nio.fs=ALL-UNNAMED --add-opens=java.base/sun.security.ssl=ALL-UNNAMED --add-opens=java.base/sun.security.util=ALL-UNNAMED --add-opens=java.desktop/com.apple.eawt=ALL-UNNAMED --add-opens=java.desktop/com.apple.eawt.event=ALL-UNNAMED --add-opens=java.desktop/com.apple.laf=ALL-UNNAMED --add-opens=java.desktop/com.sun.java.swing=ALL-UNNAMED --add-opens=java.desktop/java.awt=ALL-UNNAMED --add-opens=java.desktop/java.awt.dnd.peer=ALL-UNNAMED --add-opens=java.desktop/java.awt.event=ALL-UNNAMED --add-opens=java.desktop/java.awt.font=ALL-UNNAMED --add-opens=java.desktop/java.awt.image=ALL-UNNAMED --add-opens=java.desktop/java.awt.peer=ALL-UNNAMED --add-opens=java.desktop/javax.swing=ALL-UNNAMED --add-opens=java.desktop/javax.swing.plaf.basic=ALL-UNNAMED --add-opens=java.desktop/javax.swing.text=ALL-UNNAMED --add-opens=java.desktop/javax.swing.text.html=ALL-UNNAMED --add-opens=java.desktop/javax.swing.text.html.parser=ALL-UNNAMED --add-opens=java.desktop/sun.awt=ALL-UNNAMED --add-opens=java.desktop/sun.awt.datatransfer=ALL-UNNAMED --add-opens=java.desktop/sun.awt.image=ALL-UNNAMED --add-opens=java.desktop/sun.font=ALL-UNNAMED --add-opens=java.desktop/sun.java2d=ALL-UNNAMED --add-opens=java.desktop/sun.lwawt=ALL-UNNAMED --add-opens=java.desktop/sun.lwawt.macosx=ALL-UNNAMED --add-opens=java.desktop/sun.swing=ALL-UNNAMED --add-opens=java.management/sun.management=ALL-UNNAMED --add-opens=jdk.attach/sun.tools.attach=ALL-UNNAMED --add-opens=jdk.compiler/com.sun.tools.javac.api=ALL-UNNAMED --add-opens=jdk.internal.jvmstat/sun.jvmstat.monitor=ALL-UNNAMED --add-opens=jdk.jdi/com.sun.tools.jdi=ALL-UNNAMED -javaagent:/Users/stephan/IdeaProjects/DevoxxGenieIDEAPlugin/.intellijPlatform/coroutines-javaagent.jar -javaagent:/Users/stephan/IdeaProjects/DevoxxGenieIDEAPlugin/build/tmp/.cache/expanded/zip_27729b840c216bdc69a9315e04b27ab1/jacocoagent.jar=destfile=build/jacoco/test.exec,append=true,includes=com.devoxx.genie.*,excludes=jdk.internal.*,inclnolocationclasses=true,dumponexit=true,output=file,jmx=false -Xms128m -Xmx1g -Dfile.encoding=UTF-8 -Djava.io.tmpdir=/tmp/test -Duser.country=BE -Duser.language=en -Duser.variant -ea worker.org.gradle.process.internal.worker.GradleWorkerMain 'Gradle Test Executor 282'

Host: "Mac16,5" arm64, 16 cores, 128G, Darwin 25.5.0, macOS 26.5.2 (25F84)
Time: Wed Jul 29 11:17:48 2026 CEST elapsed time: 0.278539 seconds (0d 0h 0m 0s)

---------------  T H R E A D  ---------------

Current thread (0x00000001049056a0):  JavaThread "main"             [_thread_in_vm, id=5379, stack(0x000000016bc50000,0x000000016be53000) (2060K)]

Stack: [0x000000016bc50000,0x000000016be53000],  sp=0x000000016be52b70,  free space=2058k
Native frames: (J=compiled Java code, j=interpreted, Vv=VM code, C=native code)
C  [libsystem_kernel.dylib+0x95e8]  __pthread_kill+0x8
C  [libsystem_c.dylib+0x78644]  abort+0x94
V  [libjvm.dylib+0x834d14]  os::abort(bool, void*, void const*)+0x38
V  [libjvm.dylib+0x827dd4]  os::print_function_and_library_name(outputStream*, unsigned char*, char*, int, bool, bool, bool)+0x0
V  [libjvm.dylib+0x51d550]  jni_PushLocalFrame+0x0
C  [libinstrument.dylib+0x22b4]  eventHandlerVMInit+0xcc
V  [libjvm.dylib+0x6844a0]  JvmtiExport::post_vm_initialized()+0x2ac
V  [libjvm.dylib+0xa19e54]  Threads::create_vm(JavaVMInitArgs*, bool*)+0x6f0
V  [libjvm.dylib+0x53b17c]  JNI_CreateJavaVM+0x74
C  [libjli.dylib+0xa260]  JavaMain+0x100
C  [libjli.dylib+0xd5e8]  ThreadJavaMain+0xc
C  [libsystem_pthread.dylib+0x6c58]  _pthread_start+0x88

siginfo: si_signo: 6 (SIGABRT), si_code: 0 (unknown)

Registers:
 x0=0x0000000000000000  x1=0x0000000000000000  x2=0x0000000000000000  x3=0x0000000000000000
 x4=0x000000016be52a4c  x5=0x0000000000000001  x6=0x0000000000000038  x7=0x0000000000000000
 x8=0xe165aaaecfd12b63  x9=0xe165aaafa4341b63 x10=0x0000000000000002 x11=0x00000000fffffffd
x12=0x0000000000000000 x13=0x0000000000000000 x14=0x0000000000000000 x15=0x0000000000000000
x16=0x0000000000000148 x17=0x00000001f9d6b088 x18=0x0000000000000000 x19=0x0000000000000006
x20=0x0000000000001503 x21=0x000000016be530e0 x22=0x00000001f5c6f2b0 x23=0x00000001049056a0
x24=0x0000000bcec5d680 x25=0x00000001042ca1e8 x26=0x0000000104905a60 x27=0x0000000000000000
x28=0x0000000000000000  fp=0x000000016be52b90  lr=0x000000018c5258d8  sp=0x000000016be52b70
pc=0x000000018c4ea5e8 cpsr=0x0000000040000000

Register to memory mapping:

x0 =0x0 is null
x1 =0x0 is null
x2 =0x0 is null
x3 =0x0 is null
x4 =0x000000016be52a4c is pointing into the stack for thread: 0x00000001049056a0
x5 =0x0000000000000001 is an unknown value
x6 =0x0000000000000038 is an unknown value
x7 =0x0 is null
x8 =0xe165aaaecfd12b63 is an unknown value
x9 =0xe165aaafa4341b63 is an unknown value
x10=0x0000000000000002 is an unknown value
x11=0x00000000fffffffd is an unknown value
x12=0x0 is null
x13=0x0 is null
x14=0x0 is null
x15=0x0 is null
x16=0x0000000000000148 is an unknown value
x17=0x00000001f9d6b088 points into unknown readable memory: 0x000000018c4ea5e0 | e0 a5 4e 8c 01 00 00 00
x18=0x0 is null
x19=0x0000000000000006 is an unknown value
x20=0x0000000000001503 is an unknown value
x21=0x000000016be530e0 points into unknown readable memory: 0x000000016be53000 | 00 30 e5 6b 01 00 00 00
x22=0x00000001f5c6f2b0: __stderrp+0 in /usr/lib/system/libsystem_c.dylib at 0x000000018c3b4000
x23=0x00000001049056a0 is a thread
x24=0x0000000bcec5d680 points into unknown readable memory: 0x00000007c108aaf8 | f8 aa 08 c1 07 00 00 00
x25=0x00000001042ca1e8: eventHandlerVMInit+0 in /Users/stephan/.gradle/caches/9.6.1/transforms/dc67bb6db46d49a62c982698aa2bb43c/transformed/idea-2025.3.3-aarch64/jbr/Contents/Home/lib/libinstrument.dylib at 0x00000001042c8000
x26=0x0000000104905a60 points into unknown readable memory: 0x000000010ab7b690 | 90 b6 b7 0a 01 00 00 00
x27=0x0 is null
x28=0x0 is null
 fp=0x000000016be52b90 is pointing into the stack for thread: 0x00000001049056a0
 lr=0x000000018c5258d8: pthread_kill+0x128 in /usr/lib/system/libsystem_pthread.dylib at 0x000000018c51f000
 sp=0x000000016be52b70 is pointing into the stack for thread: 0x00000001049056a0

Top of Stack: (sp=0x000000016be52b70)
0x000000016be52b70:   00000001f5c6f2b0 00000001049056a0
0x000000016be52b80:   000000016be52bb0 000000016be53000
0x000000016be52b90:   000000016be52bd0 000000018c42c644
0x000000016be52ba0:   0000000104905a60 ffffffff00000001
0x000000016be52bb0:   0000000000000000 00000000fffff9df
0x000000016be52bc0:   0000000104905a60 0000000000000001
0x000000016be52bd0:   000000016be52bf0 000000010a690d14
0x000000016be52be0:   0000000104905a60 00000001042cedfd
0x000000016be52bf0:   000000016be52c00 000000010a683dd4
0x000000016be52c00:   000000016be52c80 000000010a379550
0x000000016be52c10:   00000001042cedfd 000000018c3c43b4
0x000000016be52c20:   00000001049056a0 0000000000000000
0x000000016be52c30:   0000000000000000 0000000000000000
0x000000016be52c40:   00000001049056a0 00000001042ca1e8
0x000000016be52c50:   00000001049056a0 0000000100000000
0x000000016be52c60:   00000001f5c6f2b0 0000000104903190
0x000000016be52c70:   0000000104903198 0000000104905a60
0x000000016be52c80:   000000016be52cc0 00000001042ca2b4
0x000000016be52c90:   0000000bcf068820 000021e8049056a0
0x000000016be52ca0:   0000000000000006 000000016be52d10
0x000000016be52cb0:   0000000104903138 0000000104903ca0
0x000000016be52cc0:   000000016be52da0 000000010a4e04a0
0x000000016be52cd0:   0000000900000000 00000001049056a0
0x000000016be52ce0:   0000000104907e80 0000000104905da0
0x000000016be52cf0:   0000000104905db0 0000000104906188
0x000000016be52d00:   00000000000003d8 00000001049056a0
0x000000016be52d10:   00000001049056a0 0000000bcfc61d80
0x000000016be52d20:   0000000bcf06c100 0000000bcf06c1c0
0x000000016be52d30:   0000000bcf06c1e8 00000000000000d8
0x000000016be52d40:   000000016be52dd0 b04ec646d197009d
0x000000016be52d50:   0000000000000000 0000000000000000
0x000000016be52d60:   0000000104901090 000000010a397108 

Instructions: (pc=0x000000018c4ea5e8)
0x000000018c4ea4e8:   f6 57 4b a9 f8 5f 4a a9 fa 67 49 a9 ff 83 03 91
0x000000018c4ea4f8:   ff 0f 5f d6 f8 23 40 b9 b8 fe ff 35 f9 3b 40 b9
0x000000018c4ea508:   3f 4f 00 71 28 fe ff 54 09 f1 00 51 3f 0b 49 6b
0x000000018c4ea518:   c8 fd ff 54 22 f7 7e d3 49 f0 00 11 1f 01 09 6b
0x000000018c4ea528:   41 fd ff 54 e8 43 42 f8 e8 02 00 f9 e8 c3 42 f8
0x000000018c4ea538:   c8 02 00 f9 e8 37 40 b9 a8 02 00 b9 69 02 40 b9
0x000000018c4ea548:   e8 03 00 91 3f 03 09 6b 09 01 00 54 22 f5 7e d3
0x000000018c4ea558:   01 f1 00 91 e0 03 14 aa 69 de ff 97 79 02 00 b9
0x000000018c4ea568:   58 26 80 12 dc ff ff 17 01 f1 00 91 e0 03 14 aa
0x000000018c4ea578:   63 de ff 97 18 00 80 52 79 02 00 b9 d6 ff ff 17
0x000000018c4ea588:   90 0c 80 d2 01 10 00 d4 03 01 00 54 7f 23 03 d5
0x000000018c4ea598:   fd 7b bf a9 fd 03 00 91 15 e0 ff 97 bf 03 00 91
0x000000018c4ea5a8:   fd 7b c1 a8 ff 0f 5f d6 c0 03 5f d6 d0 37 80 d2
0x000000018c4ea5b8:   01 10 00 d4 03 01 00 54 7f 23 03 d5 fd 7b bf a9
0x000000018c4ea5c8:   fd 03 00 91 0a e0 ff 97 bf 03 00 91 fd 7b c1 a8
0x000000018c4ea5d8:   ff 0f 5f d6 c0 03 5f d6 10 29 80 d2 01 10 00 d4
0x000000018c4ea5e8:   03 01 00 54 7f 23 03 d5 fd 7b bf a9 fd 03 00 91
0x000000018c4ea5f8:   ff df ff 97 bf 03 00 91 fd 7b c1 a8 ff 0f 5f d6
0x000000018c4ea608:   c0 03 5f d6 70 0a 80 d2 01 10 00 d4 03 01 00 54
0x000000018c4ea618:   7f 23 03 d5 fd 7b bf a9 fd 03 00 91 f4 df ff 97
0x000000018c4ea628:   bf 03 00 91 fd 7b c1 a8 ff 0f 5f d6 c0 03 5f d6
0x000000018c4ea638:   70 30 80 d2 01 10 00 d4 03 01 00 54 7f 23 03 d5
0x000000018c4ea648:   fd 7b bf a9 fd 03 00 91 e9 df ff 97 bf 03 00 91
0x000000018c4ea658:   fd 7b c1 a8 ff 0f 5f d6 c0 03 5f d6 64 01 00 34
0x000000018c4ea668:   68 d0 3b d5 89 12 36 90 29 81 10 91 08 05 40 f9
0x000000018c4ea678:   1f 01 00 f1 28 01 88 9a c9 02 80 52 09 01 00 b9
0x000000018c4ea688:   00 00 80 12 c0 03 5f d6 04 08 80 52 86 eb ff 17
0x000000018c4ea698:   50 0d 80 d2 01 10 00 d4 03 01 00 54 7f 23 03 d5
0x000000018c4ea6a8:   fd 7b bf a9 fd 03 00 91 d1 df ff 97 bf 03 00 91
0x000000018c4ea6b8:   fd 7b c1 a8 ff 0f 5f d6 c0 03 5f d6 d0 03 80 d2
0x000000018c4ea6c8:   01 10 00 d4 03 01 00 54 7f 23 03 d5 fd 7b bf a9
0x000000018c4ea6d8:   fd 03 00 91 be e3 ff 97 bf 03 00 91 fd 7b c1 a8 


Stack slot to memory mapping:

stack at sp + 0 slots: 0x00000001f5c6f2b0: __stderrp+0 in /usr/lib/system/libsystem_c.dylib at 0x000000018c3b4000
stack at sp + 1 slots: 0x00000001049056a0 is a thread
stack at sp + 2 slots: 0x000000016be52bb0 is pointing into the stack for thread: 0x00000001049056a0
stack at sp + 3 slots: 0x000000016be53000 points into unknown readable memory: 0xe165aaaecfd12b63 | 63 2b d1 cf ae aa 65 e1
stack at sp + 4 slots: 0x000000016be52bd0 is pointing into the stack for thread: 0x00000001049056a0
stack at sp + 5 slots: 0x000000018c42c644: abort+0x94 in /usr/lib/system/libsystem_c.dylib at 0x000000018c3b4000
stack at sp + 6 slots: 0x0000000104905a60 points into unknown readable memory: 0x000000010ab7b690 | 90 b6 b7 0a 01 00 00 00
stack at sp + 7 slots: 0xffffffff00000001 is an unknown value


---------------  P R O C E S S  ---------------

Threads class SMR info:
_java_thread_list=0x0000000bce0a2c80, length=10, elements={
0x00000001049056a0, 0x0000000bceca0700, 0x0000000bceca0e00, 0x0000000bceca1500,
0x0000000bceca1c00, 0x0000000bceca2300, 0x0000000bceca2a00, 0x0000000bcecc4800,
0x0000000bcecc5000, 0x0000000bce0b8000
}

Java Threads: ( => current thread )
=>0x00000001049056a0 JavaThread "main"                              [_thread_in_vm, id=5379, stack(0x000000016bc50000,0x000000016be53000) (2060K)]
  0x0000000bceca0700 JavaThread "Common-Cleaner"             daemon [_thread_blocked, id=24323, stack(0x000000016cdc8000,0x000000016cfcb000) (2060K)]
  0x0000000bceca0e00 JavaThread "Reference Handler"          daemon [_thread_blocked, id=29443, stack(0x000000016cfd4000,0x000000016d1d7000) (2060K)]
  0x0000000bceca1500 JavaThread "Finalizer"                  daemon [_thread_blocked, id=28931, stack(0x000000016d1e0000,0x000000016d3e3000) (2060K)]
  0x0000000bceca1c00 JavaThread "Signal Dispatcher"          daemon [_thread_blocked, id=28419, stack(0x000000016d3ec000,0x000000016d5ef000) (2060K)]
  0x0000000bceca2300 JavaThread "Service Thread"             daemon [_thread_blocked, id=24579, stack(0x000000016d5f8000,0x000000016d7fb000) (2060K)]
  0x0000000bceca2a00 JavaThread "Monitor Deflation Thread"   daemon [_thread_blocked, id=24835, stack(0x000000016d804000,0x000000016da07000) (2060K)]
  0x0000000bcecc4800 JavaThread "C2 CompilerThread0"         daemon [_thread_blocked, id=25347, stack(0x000000016da10000,0x000000016dc13000) (2060K)]
  0x0000000bcecc5000 JavaThread "C1 CompilerThread0"         daemon [_thread_blocked, id=27651, stack(0x000000016dc1c000,0x000000016de1f000) (2060K)]
  0x0000000bce0b8000 JavaThread "Coroutines Debugger Cleaner" daemon [_thread_blocked, id=26627, stack(0x000000030ecf8000,0x000000030eefb000) (2060K)]
Total: 10

Other Threads:
  0x0000000bcec99c00 VMThread "VM Thread"                           [id=20227, stack(0x000000016caa4000,0x000000016cca7000) (2060K)]
  0x0000000104915840 WatcherThread "VM Periodic Task Thread"        [id=20995, stack(0x000000016c898000,0x000000016ca9b000) (2060K)]
  0x000000010490ff00 WorkerThread "GC Thread#0"                     [id=14851, stack(0x000000016be5c000,0x000000016c05f000) (2060K)]
  0x0000000bce048000 WorkerThread "GC Thread#1"                     [id=25859, stack(0x000000016de28000,0x000000016e02b000) (2060K)]
  0x0000000bce048400 WorkerThread "GC Thread#2"                     [id=26883, stack(0x000000016e034000,0x000000016e237000) (2060K)]
  0x0000000104910d20 ConcurrentGCThread "G1 Main Marker"            [id=14339, stack(0x000000016c068000,0x000000016c26b000) (2060K)]
  0x00000001049117c0 WorkerThread "G1 Conc#0"                       [id=13571, stack(0x000000016c274000,0x000000016c477000) (2060K)]
  0x0000000104913ae0 ConcurrentGCThread "G1 Refine#0"               [id=13827, stack(0x000000016c480000,0x000000016c683000) (2060K)]
  0x0000000bcec98400 ConcurrentGCThread "G1 Service"                [id=16643, stack(0x000000016c68c000,0x000000016c88f000) (2060K)]
Total: 9

Threads with active compile tasks:
Total: 0

VM state: not at safepoint (normal execution)

VM Mutex/Monitor currently owned by a thread: None

Heap address: 0x00000007c0000000, size: 1024 MB, Compressed Oops mode: Zero based, Oop shift amount: 3

CDS archive(s) mapped at: [0x0000007000000000-0x0000007001c5c000-0x0000007001c5c000), size 29736960, SharedBaseAddress: 0x0000007000000000, ArchiveRelocationMode: 1.
Compressed class space mapped at: 0x0000007002000000-0x0000007042000000, reserved size: 1073741824
Narrow klass base: 0x0000007000000000, Narrow klass shift: 0, Narrow klass range: 0x100000000

GC Precious Log:
 CardTable entry size: 512
 Card Set container configuration: InlinePtr #cards 5 size 8 Array Of Cards #cards 12 size 40 Howl #buckets 4 coarsen threshold 1843 Howl Bitmap #cards 512 size 80 coarsen threshold 460 Card regions per heap region 1 cards per card region 2048
 CPUs: 16 total, 16 available
 Memory: 128G
 Large Page Support: Disabled
 NUMA Support: Disabled
 Compressed Oops: Enabled (Zero based)
 Heap Region Size: 1M
 Heap Min Capacity: 128M
 Heap Initial Capacity: 128M
 Heap Max Capacity: 1G
 Pre-touch: Disabled
 Parallel Workers: 13
 Concurrent Workers: 3
 Concurrent Refinement Workers: 13
 Periodic GC: Disabled

Heap:
 garbage-first heap   total 200704K, used 71387K [0x00000007c0000000, 0x0000000800000000)
  region size 1024K, 27 young (27648K), 5 survivors (5120K)
 Metaspace       used 1774K, committed 1920K, reserved 1114112K
  class space    used 114K, committed 192K, reserved 1048576K

Heap Regions: E=young(eden), S=young(survivor), O=old, HS=humongous(starts), HC=humongous(continues), CS=collection set, F=free, TAMS=top-at-mark-start, PB=parsable bottom
|   0|0x00000007c0000000, 0x00000007c0100000, 0x00000007c0100000|100%|HS|  |TAMS 0x00000007c0000000| PB 0x00000007c0000000| Complete 
|   1|0x00000007c0100000, 0x00000007c0200000, 0x00000007c0200000|100%| O|  |TAMS 0x00000007c0100000| PB 0x00000007c0100000| Untracked 
|   2|0x00000007c0200000, 0x00000007c0300000, 0x00000007c0300000|100%|HS|  |TAMS 0x00000007c0200000| PB 0x00000007c0200000| Complete 
|   3|0x00000007c0300000, 0x00000007c0400000, 0x00000007c0400000|100%|HS|  |TAMS 0x00000007c0300000| PB 0x00000007c0300000| Complete 
|   4|0x00000007c0400000, 0x00000007c0500000, 0x00000007c0500000|100%|HS|  |TAMS 0x00000007c0400000| PB 0x00000007c0400000| Complete 
|   5|0x00000007c0500000, 0x00000007c0600000, 0x00000007c0600000|100%|HC|  |TAMS 0x00000007c0500000| PB 0x00000007c0500000| Complete 
|   6|0x00000007c0600000, 0x00000007c0700000, 0x00000007c0700000|100%| O|  |TAMS 0x00000007c0600000| PB 0x00000007c0600000| Untracked 
|   7|0x00000007c0700000, 0x00000007c0800000, 0x00000007c0800000|100%| O|  |TAMS 0x00000007c0700000| PB 0x00000007c0700000| Untracked 
|   8|0x00000007c0800000, 0x00000007c0900000, 0x00000007c0900000|100%| O|  |TAMS 0x00000007c0800000| PB 0x00000007c0800000| Untracked 
|   9|0x00000007c0900000, 0x00000007c0a00000, 0x00000007c0a00000|100%| O|  |TAMS 0x00000007c0900000| PB 0x00000007c0900000| Untracked 
|  10|0x00000007c0a00000, 0x00000007c0b00000, 0x00000007c0b00000|100%| O|  |TAMS 0x00000007c0a00000| PB 0x00000007c0a00000| Untracked 
|  11|0x00000007c0b00000, 0x00000007c0c00000, 0x00000007c0c00000|100%| O|  |TAMS 0x00000007c0b00000| PB 0x00000007c0b00000| Untracked 
|  12|0x00000007c0c00000, 0x00000007c0d00000, 0x00000007c0d00000|100%| O|  |TAMS 0x00000007c0c00000| PB 0x00000007c0c00000| Untracked 
|  13|0x00000007c0d00000, 0x00000007c0e00000, 0x00000007c0e00000|100%| O|  |TAMS 0x00000007c0d00000| PB 0x00000007c0d00000| Untracked 
|  14|0x00000007c0e00000, 0x00000007c0f00000, 0x00000007c0f00000|100%| O|  |TAMS 0x00000007c0e00000| PB 0x00000007c0e00000| Untracked 
|  15|0x00000007c0f00000, 0x00000007c1000000, 0x00000007c1000000|100%| O|  |TAMS 0x00000007c0f00000| PB 0x00000007c0f00000| Untracked 
|  16|0x00000007c1000000, 0x00000007c1100000, 0x00000007c1100000|100%| O|  |TAMS 0x00000007c1000000| PB 0x00000007c1000000| Untracked 
|  17|0x00000007c1100000, 0x00000007c1200000, 0x00000007c1200000|100%| O|  |TAMS 0x00000007c1100000| PB 0x00000007c1100000| Untracked 
|  18|0x00000007c1200000, 0x00000007c1300000, 0x00000007c1300000|100%| O|  |TAMS 0x00000007c1200000| PB 0x00000007c1200000| Untracked 
|  19|0x00000007c1300000, 0x00000007c1400000, 0x00000007c1400000|100%| O|  |TAMS 0x00000007c1300000| PB 0x00000007c1300000| Untracked 
|  20|0x00000007c1400000, 0x00000007c1500000, 0x00000007c1500000|100%| O|  |TAMS 0x00000007c1400000| PB 0x00000007c1400000| Untracked 
|  21|0x00000007c1500000, 0x00000007c1600000, 0x00000007c1600000|100%|HS|  |TAMS 0x00000007c1500000| PB 0x00000007c1500000| Complete 
|  22|0x00000007c1600000, 0x00000007c1700000, 0x00000007c1700000|100%|HC|  |TAMS 0x00000007c1600000| PB 0x00000007c1600000| Complete 
|  23|0x00000007c1700000, 0x00000007c1800000, 0x00000007c1800000|100%|HS|  |TAMS 0x00000007c1700000| PB 0x00000007c1700000| Complete 
|  24|0x00000007c1800000, 0x00000007c1900000, 0x00000007c1900000|100%|HC|  |TAMS 0x00000007c1800000| PB 0x00000007c1800000| Complete 
|  25|0x00000007c1900000, 0x00000007c1a00000, 0x00000007c1a00000|100%| O|  |TAMS 0x00000007c1900000| PB 0x00000007c1900000| Untracked 
|  26|0x00000007c1a00000, 0x00000007c1b00000, 0x00000007c1b00000|100%| O|  |TAMS 0x00000007c1a00000| PB 0x00000007c1a00000| Untracked 
|  27|0x00000007c1b00000, 0x00000007c1c00000, 0x00000007c1c00000|100%| O|  |TAMS 0x00000007c1b00000| PB 0x00000007c1b00000| Untracked 
|  28|0x00000007c1c00000, 0x00000007c1d00000, 0x00000007c1d00000|100%| O|  |TAMS 0x00000007c1c00000| PB 0x00000007c1c00000| Untracked 
|  29|0x00000007c1d00000, 0x00000007c1e00000, 0x00000007c1e00000|100%| O|  |TAMS 0x00000007c1d00000| PB 0x00000007c1d00000| Untracked 
|  30|0x00000007c1e00000, 0x00000007c1f00000, 0x00000007c1f00000|100%| O|  |TAMS 0x00000007c1e00000| PB 0x00000007c1e00000| Untracked 
|  31|0x00000007c1f00000, 0x00000007c2000000, 0x00000007c2000000|100%| O|  |TAMS 0x00000007c1f00000| PB 0x00000007c1f00000| Untracked 
|  32|0x00000007c2000000, 0x00000007c2100000, 0x00000007c2100000|100%| O|  |TAMS 0x00000007c2000000| PB 0x00000007c2000000| Untracked 
|  33|0x00000007c2100000, 0x00000007c2200000, 0x00000007c2200000|100%| O|  |TAMS 0x00000007c2100000| PB 0x00000007c2100000| Untracked 
|  34|0x00000007c2200000, 0x00000007c2300000, 0x00000007c2300000|100%| O|  |TAMS 0x00000007c2200000| PB 0x00000007c2200000| Untracked 
|  35|0x00000007c2300000, 0x00000007c2400000, 0x00000007c2400000|100%| O|  |TAMS 0x00000007c2300000| PB 0x00000007c2300000| Untracked 
|  36|0x00000007c2400000, 0x00000007c2500000, 0x00000007c2500000|100%| O|  |TAMS 0x00000007c2400000| PB 0x00000007c2400000| Untracked 
|  37|0x00000007c2500000, 0x00000007c2600000, 0x00000007c2600000|100%| O|  |TAMS 0x00000007c2500000| PB 0x00000007c2500000| Untracked 
|  38|0x00000007c2600000, 0x00000007c2700000, 0x00000007c2700000|100%| O|  |TAMS 0x00000007c2600000| PB 0x00000007c2600000| Untracked 
|  39|0x00000007c2700000, 0x00000007c2800000, 0x00000007c2800000|100%| O|  |TAMS 0x00000007c2700000| PB 0x00000007c2700000| Untracked 
|  40|0x00000007c2800000, 0x00000007c2900000, 0x00000007c2900000|100%| O|  |TAMS 0x00000007c2800000| PB 0x00000007c2800000| Untracked 
|  41|0x00000007c2900000, 0x00000007c2a00000, 0x00000007c2a00000|100%| O|  |TAMS 0x00000007c2900000| PB 0x00000007c2900000| Untracked 
|  42|0x00000007c2a00000, 0x00000007c2ad7b48, 0x00000007c2b00000| 84%| O|  |TAMS 0x00000007c2a00000| PB 0x00000007c2a00000| Untracked 
|  43|0x00000007c2b00000, 0x00000007c2b00000, 0x00000007c2c00000|  0%| F|  |TAMS 0x00000007c2b00000| PB 0x00000007c2b00000| Untracked 
|  44|0x00000007c2c00000, 0x00000007c2c00000, 0x00000007c2d00000|  0%| F|  |TAMS 0x00000007c2c00000| PB 0x00000007c2c00000| Untracked 
|  45|0x00000007c2d00000, 0x00000007c2d00000, 0x00000007c2e00000|  0%| F|  |TAMS 0x00000007c2d00000| PB 0x00000007c2d00000| Untracked 
|  46|0x00000007c2e00000, 0x00000007c2e00000, 0x00000007c2f00000|  0%| F|  |TAMS 0x00000007c2e00000| PB 0x00000007c2e00000| Untracked 
|  47|0x00000007c2f00000, 0x00000007c2f00000, 0x00000007c3000000|  0%| F|  |TAMS 0x00000007c2f00000| PB 0x00000007c2f00000| Untracked 
|  48|0x00000007c3000000, 0x00000007c3000000, 0x00000007c3100000|  0%| F|  |TAMS 0x00000007c3000000| PB 0x00000007c3000000| Untracked 
|  49|0x00000007c3100000, 0x00000007c3100000, 0x00000007c3200000|  0%| F|  |TAMS 0x00000007c3100000| PB 0x00000007c3100000| Untracked 
|  50|0x00000007c3200000, 0x00000007c3200000, 0x00000007c3300000|  0%| F|  |TAMS 0x00000007c3200000| PB 0x00000007c3200000| Untracked 
|  51|0x00000007c3300000, 0x00000007c3300000, 0x00000007c3400000|  0%| F|  |TAMS 0x00000007c3300000| PB 0x00000007c3300000| Untracked 
|  52|0x00000007c3400000, 0x00000007c3400000, 0x00000007c3500000|  0%| F|  |TAMS 0x00000007c3400000| PB 0x00000007c3400000| Untracked 
|  53|0x00000007c3500000, 0x00000007c3500000, 0x00000007c3600000|  0%| F|  |TAMS 0x00000007c3500000| PB 0x00000007c3500000| Untracked 
|  54|0x00000007c3600000, 0x00000007c3600000, 0x00000007c3700000|  0%| F|  |TAMS 0x00000007c3600000| PB 0x00000007c3600000| Untracked 
|  55|0x00000007c3700000, 0x00000007c3700000, 0x00000007c3800000|  0%| F|  |TAMS 0x00000007c3700000| PB 0x00000007c3700000| Untracked 
|  56|0x00000007c3800000, 0x00000007c3800000, 0x00000007c3900000|  0%| F|  |TAMS 0x00000007c3800000| PB 0x00000007c3800000| Untracked 
|  57|0x00000007c3900000, 0x00000007c3900000, 0x00000007c3a00000|  0%| F|  |TAMS 0x00000007c3900000| PB 0x00000007c3900000| Untracked 
|  58|0x00000007c3a00000, 0x00000007c3a00000, 0x00000007c3b00000|  0%| F|  |TAMS 0x00000007c3a00000| PB 0x00000007c3a00000| Untracked 
|  59|0x00000007c3b00000, 0x00000007c3b00000, 0x00000007c3c00000|  0%| F|  |TAMS 0x00000007c3b00000| PB 0x00000007c3b00000| Untracked 
|  60|0x00000007c3c00000, 0x00000007c3c00000, 0x00000007c3d00000|  0%| F|  |TAMS 0x00000007c3c00000| PB 0x00000007c3c00000| Untracked 
|  61|0x00000007c3d00000, 0x00000007c3d00000, 0x00000007c3e00000|  0%| F|  |TAMS 0x00000007c3d00000| PB 0x00000007c3d00000| Untracked 
|  62|0x00000007c3e00000, 0x00000007c3e00000, 0x00000007c3f00000|  0%| F|  |TAMS 0x00000007c3e00000| PB 0x00000007c3e00000| Untracked 
|  63|0x00000007c3f00000, 0x00000007c3f00000, 0x00000007c4000000|  0%| F|  |TAMS 0x00000007c3f00000| PB 0x00000007c3f00000| Untracked 
|  64|0x00000007c4000000, 0x00000007c4000000, 0x00000007c4100000|  0%| F|  |TAMS 0x00000007c4000000| PB 0x00000007c4000000| Untracked 
|  65|0x00000007c4100000, 0x00000007c41b7f48, 0x00000007c4200000| 71%| S|CS|TAMS 0x00000007c4100000| PB 0x00000007c4100000| Complete 
|  66|0x00000007c4200000, 0x00000007c4300000, 0x00000007c4300000|100%| S|CS|TAMS 0x00000007c4200000| PB 0x00000007c4200000| Complete 
|  67|0x00000007c4300000, 0x00000007c4400000, 0x00000007c4400000|100%| S|CS|TAMS 0x00000007c4300000| PB 0x00000007c4300000| Complete 
|  68|0x00000007c4400000, 0x00000007c4400000, 0x00000007c4500000|  0%| F|  |TAMS 0x00000007c4400000| PB 0x00000007c4400000| Untracked 
|  69|0x00000007c4500000, 0x00000007c4500000, 0x00000007c4600000|  0%| F|  |TAMS 0x00000007c4500000| PB 0x00000007c4500000| Untracked 
|  70|0x00000007c4600000, 0x00000007c4600000, 0x00000007c4700000|  0%| F|  |TAMS 0x00000007c4600000| PB 0x00000007c4600000| Untracked 
|  71|0x00000007c4700000, 0x00000007c4700000, 0x00000007c4800000|  0%| F|  |TAMS 0x00000007c4700000| PB 0x00000007c4700000| Untracked 
|  72|0x00000007c4800000, 0x00000007c4800000, 0x00000007c4900000|  0%| F|  |TAMS 0x00000007c4800000| PB 0x00000007c4800000| Untracked 
|  73|0x00000007c4900000, 0x00000007c4900000, 0x00000007c4a00000|  0%| F|  |TAMS 0x00000007c4900000| PB 0x00000007c4900000| Untracked 
|  74|0x00000007c4a00000, 0x00000007c4a00000, 0x00000007c4b00000|  0%| F|  |TAMS 0x00000007c4a00000| PB 0x00000007c4a00000| Untracked 
|  75|0x00000007c4b00000, 0x00000007c4c00000, 0x00000007c4c00000|100%| S|CS|TAMS 0x00000007c4b00000| PB 0x00000007c4b00000| Complete 
|  76|0x00000007c4c00000, 0x00000007c4d00000, 0x00000007c4d00000|100%| S|CS|TAMS 0x00000007c4c00000| PB 0x00000007c4c00000| Complete 
|  77|0x00000007c4d00000, 0x00000007c4d00000, 0x00000007c4e00000|  0%| F|  |TAMS 0x00000007c4d00000| PB 0x00000007c4d00000| Untracked 
|  78|0x00000007c4e00000, 0x00000007c4e00000, 0x00000007c4f00000|  0%| F|  |TAMS 0x00000007c4e00000| PB 0x00000007c4e00000| Untracked 
|  79|0x00000007c4f00000, 0x00000007c4f00000, 0x00000007c5000000|  0%| F|  |TAMS 0x00000007c4f00000| PB 0x00000007c4f00000| Untracked 
|  80|0x00000007c5000000, 0x00000007c5000000, 0x00000007c5100000|  0%| F|  |TAMS 0x00000007c5000000| PB 0x00000007c5000000| Untracked 
|  81|0x00000007c5100000, 0x00000007c5100000, 0x00000007c5200000|  0%| F|  |TAMS 0x00000007c5100000| PB 0x00000007c5100000| Untracked 
|  82|0x00000007c5200000, 0x00000007c5200000, 0x00000007c5300000|  0%| F|  |TAMS 0x00000007c5200000| PB 0x00000007c5200000| Untracked 
|  83|0x00000007c5300000, 0x00000007c5300000, 0x00000007c5400000|  0%| F|  |TAMS 0x00000007c5300000| PB 0x00000007c5300000| Untracked 
|  84|0x00000007c5400000, 0x00000007c5400000, 0x00000007c5500000|  0%| F|  |TAMS 0x00000007c5400000| PB 0x00000007c5400000| Untracked 
|  85|0x00000007c5500000, 0x00000007c5500000, 0x00000007c5600000|  0%| F|  |TAMS 0x00000007c5500000| PB 0x00000007c5500000| Untracked 
|  86|0x00000007c5600000, 0x00000007c5600000, 0x00000007c5700000|  0%| F|  |TAMS 0x00000007c5600000| PB 0x00000007c5600000| Untracked 
|  87|0x00000007c5700000, 0x00000007c5700000, 0x00000007c5800000|  0%| F|  |TAMS 0x00000007c5700000| PB 0x00000007c5700000| Untracked 
|  88|0x00000007c5800000, 0x00000007c5800000, 0x00000007c5900000|  0%| F|  |TAMS 0x00000007c5800000| PB 0x00000007c5800000| Untracked 
|  89|0x00000007c5900000, 0x00000007c5900000, 0x00000007c5a00000|  0%| F|  |TAMS 0x00000007c5900000| PB 0x00000007c5900000| Untracked 
|  90|0x00000007c5a00000, 0x00000007c5a00000, 0x00000007c5b00000|  0%| F|  |TAMS 0x00000007c5a00000| PB 0x00000007c5a00000| Untracked 
|  91|0x00000007c5b00000, 0x00000007c5b00000, 0x00000007c5c00000|  0%| F|  |TAMS 0x00000007c5b00000| PB 0x00000007c5b00000| Untracked 
|  92|0x00000007c5c00000, 0x00000007c5c00000, 0x00000007c5d00000|  0%| F|  |TAMS 0x00000007c5c00000| PB 0x00000007c5c00000| Untracked 
|  93|0x00000007c5d00000, 0x00000007c5d00000, 0x00000007c5e00000|  0%| F|  |TAMS 0x00000007c5d00000| PB 0x00000007c5d00000| Untracked 
|  94|0x00000007c5e00000, 0x00000007c5e00000, 0x00000007c5f00000|  0%| F|  |TAMS 0x00000007c5e00000| PB 0x00000007c5e00000| Untracked 
|  95|0x00000007c5f00000, 0x00000007c5f00000, 0x00000007c6000000|  0%| F|  |TAMS 0x00000007c5f00000| PB 0x00000007c5f00000| Untracked 
|  96|0x00000007c6000000, 0x00000007c6000000, 0x00000007c6100000|  0%| F|  |TAMS 0x00000007c6000000| PB 0x00000007c6000000| Untracked 
|  97|0x00000007c6100000, 0x00000007c6100000, 0x00000007c6200000|  0%| F|  |TAMS 0x00000007c6100000| PB 0x00000007c6100000| Untracked 
|  98|0x00000007c6200000, 0x00000007c6200000, 0x00000007c6300000|  0%| F|  |TAMS 0x00000007c6200000| PB 0x00000007c6200000| Untracked 
|  99|0x00000007c6300000, 0x00000007c6300000, 0x00000007c6400000|  0%| F|  |TAMS 0x00000007c6300000| PB 0x00000007c6300000| Untracked 
| 100|0x00000007c6400000, 0x00000007c6400000, 0x00000007c6500000|  0%| F|  |TAMS 0x00000007c6400000| PB 0x00000007c6400000| Untracked 
| 101|0x00000007c6500000, 0x00000007c6500000, 0x00000007c6600000|  0%| F|  |TAMS 0x00000007c6500000| PB 0x00000007c6500000| Untracked 
| 102|0x00000007c6600000, 0x00000007c6600000, 0x00000007c6700000|  0%| F|  |TAMS 0x00000007c6600000| PB 0x00000007c6600000| Untracked 
| 103|0x00000007c6700000, 0x00000007c6700000, 0x00000007c6800000|  0%| F|  |TAMS 0x00000007c6700000| PB 0x00000007c6700000| Untracked 
| 104|0x00000007c6800000, 0x00000007c6800000, 0x00000007c6900000|  0%| F|  |TAMS 0x00000007c6800000| PB 0x00000007c6800000| Untracked 
| 105|0x00000007c6900000, 0x00000007c6900000, 0x00000007c6a00000|  0%| F|  |TAMS 0x00000007c6900000| PB 0x00000007c6900000| Untracked 
| 106|0x00000007c6a00000, 0x00000007c6a00000, 0x00000007c6b00000|  0%| F|  |TAMS 0x00000007c6a00000| PB 0x00000007c6a00000| Untracked 
| 107|0x00000007c6b00000, 0x00000007c6b00000, 0x00000007c6c00000|  0%| F|  |TAMS 0x00000007c6b00000| PB 0x00000007c6b00000| Untracked 
| 108|0x00000007c6c00000, 0x00000007c6c00000, 0x00000007c6d00000|  0%| F|  |TAMS 0x00000007c6c00000| PB 0x00000007c6c00000| Untracked 
| 109|0x00000007c6d00000, 0x00000007c6d00000, 0x00000007c6e00000|  0%| F|  |TAMS 0x00000007c6d00000| PB 0x00000007c6d00000| Untracked 
| 110|0x00000007c6e00000, 0x00000007c6e00000, 0x00000007c6f00000|  0%| F|  |TAMS 0x00000007c6e00000| PB 0x00000007c6e00000| Untracked 
| 111|0x00000007c6f00000, 0x00000007c6f00000, 0x00000007c7000000|  0%| F|  |TAMS 0x00000007c6f00000| PB 0x00000007c6f00000| Untracked 
| 112|0x00000007c7000000, 0x00000007c7000000, 0x00000007c7100000|  0%| F|  |TAMS 0x00000007c7000000| PB 0x00000007c7000000| Untracked 
| 113|0x00000007c7100000, 0x00000007c7100000, 0x00000007c7200000|  0%| F|  |TAMS 0x00000007c7100000| PB 0x00000007c7100000| Untracked 
| 114|0x00000007c7200000, 0x00000007c7200000, 0x00000007c7300000|  0%| F|  |TAMS 0x00000007c7200000| PB 0x00000007c7200000| Untracked 
| 115|0x00000007c7300000, 0x00000007c7300000, 0x00000007c7400000|  0%| F|  |TAMS 0x00000007c7300000| PB 0x00000007c7300000| Untracked 
| 116|0x00000007c7400000, 0x00000007c7400000, 0x00000007c7500000|  0%| F|  |TAMS 0x00000007c7400000| PB 0x00000007c7400000| Untracked 
| 117|0x00000007c7500000, 0x00000007c7500000, 0x00000007c7600000|  0%| F|  |TAMS 0x00000007c7500000| PB 0x00000007c7500000| Untracked 
| 118|0x00000007c7600000, 0x00000007c7600000, 0x00000007c7700000|  0%| F|  |TAMS 0x00000007c7600000| PB 0x00000007c7600000| Untracked 
| 119|0x00000007c7700000, 0x00000007c7700000, 0x00000007c7800000|  0%| F|  |TAMS 0x00000007c7700000| PB 0x00000007c7700000| Untracked 
| 120|0x00000007c7800000, 0x00000007c7800000, 0x00000007c7900000|  0%| F|  |TAMS 0x00000007c7800000| PB 0x00000007c7800000| Untracked 
| 121|0x00000007c7900000, 0x00000007c7900000, 0x00000007c7a00000|  0%| F|  |TAMS 0x00000007c7900000| PB 0x00000007c7900000| Untracked 
| 122|0x00000007c7a00000, 0x00000007c7a00000, 0x00000007c7b00000|  0%| F|  |TAMS 0x00000007c7a00000| PB 0x00000007c7a00000| Untracked 
| 123|0x00000007c7b00000, 0x00000007c7b00000, 0x00000007c7c00000|  0%| F|  |TAMS 0x00000007c7b00000| PB 0x00000007c7b00000| Untracked 
| 124|0x00000007c7c00000, 0x00000007c7c00000, 0x00000007c7d00000|  0%| F|  |TAMS 0x00000007c7c00000| PB 0x00000007c7c00000| Untracked 
| 125|0x00000007c7d00000, 0x00000007c7d00000, 0x00000007c7e00000|  0%| F|  |TAMS 0x00000007c7d00000| PB 0x00000007c7d00000| Untracked 
| 126|0x00000007c7e00000, 0x00000007c7e00000, 0x00000007c7f00000|  0%| F|  |TAMS 0x00000007c7e00000| PB 0x00000007c7e00000| Untracked 
| 127|0x00000007c7f00000, 0x00000007c7f00000, 0x00000007c8000000|  0%| F|  |TAMS 0x00000007c7f00000| PB 0x00000007c7f00000| Untracked 
| 128|0x00000007c8000000, 0x00000007c8000000, 0x00000007c8100000|  0%| F|  |TAMS 0x00000007c8000000| PB 0x00000007c8000000| Untracked 
| 129|0x00000007c8100000, 0x00000007c8100000, 0x00000007c8200000|  0%| F|  |TAMS 0x00000007c8100000| PB 0x00000007c8100000| Untracked 
| 130|0x00000007c8200000, 0x00000007c8200000, 0x00000007c8300000|  0%| F|  |TAMS 0x00000007c8200000| PB 0x00000007c8200000| Untracked 
| 131|0x00000007c8300000, 0x00000007c8300000, 0x00000007c8400000|  0%| F|  |TAMS 0x00000007c8300000| PB 0x00000007c8300000| Untracked 
| 132|0x00000007c8400000, 0x00000007c8400000, 0x00000007c8500000|  0%| F|  |TAMS 0x00000007c8400000| PB 0x00000007c8400000| Untracked 
| 133|0x00000007c8500000, 0x00000007c8500000, 0x00000007c8600000|  0%| F|  |TAMS 0x00000007c8500000| PB 0x00000007c8500000| Untracked 
| 134|0x00000007c8600000, 0x00000007c8600000, 0x00000007c8700000|  0%| F|  |TAMS 0x00000007c8600000| PB 0x00000007c8600000| Untracked 
| 135|0x00000007c8700000, 0x00000007c8700000, 0x00000007c8800000|  0%| F|  |TAMS 0x00000007c8700000| PB 0x00000007c8700000| Untracked 
| 136|0x00000007c8800000, 0x00000007c8800000, 0x00000007c8900000|  0%| F|  |TAMS 0x00000007c8800000| PB 0x00000007c8800000| Untracked 
| 137|0x00000007c8900000, 0x00000007c8900000, 0x00000007c8a00000|  0%| F|  |TAMS 0x00000007c8900000| PB 0x00000007c8900000| Untracked 
| 138|0x00000007c8a00000, 0x00000007c8a00000, 0x00000007c8b00000|  0%| F|  |TAMS 0x00000007c8a00000| PB 0x00000007c8a00000| Untracked 
| 139|0x00000007c8b00000, 0x00000007c8b00000, 0x00000007c8c00000|  0%| F|  |TAMS 0x00000007c8b00000| PB 0x00000007c8b00000| Untracked 
| 140|0x00000007c8c00000, 0x00000007c8c00000, 0x00000007c8d00000|  0%| F|  |TAMS 0x00000007c8c00000| PB 0x00000007c8c00000| Untracked 
| 141|0x00000007c8d00000, 0x00000007c8d00000, 0x00000007c8e00000|  0%| F|  |TAMS 0x00000007c8d00000| PB 0x00000007c8d00000| Untracked 
| 142|0x00000007c8e00000, 0x00000007c8e00000, 0x00000007c8f00000|  0%| F|  |TAMS 0x00000007c8e00000| PB 0x00000007c8e00000| Untracked 
| 143|0x00000007c8f00000, 0x00000007c8f00000, 0x00000007c9000000|  0%| F|  |TAMS 0x00000007c8f00000| PB 0x00000007c8f00000| Untracked 
| 144|0x00000007c9000000, 0x00000007c9000000, 0x00000007c9100000|  0%| F|  |TAMS 0x00000007c9000000| PB 0x00000007c9000000| Untracked 
| 145|0x00000007c9100000, 0x00000007c9100000, 0x00000007c9200000|  0%| F|  |TAMS 0x00000007c9100000| PB 0x00000007c9100000| Untracked 
| 146|0x00000007c9200000, 0x00000007c9200000, 0x00000007c9300000|  0%| F|  |TAMS 0x00000007c9200000| PB 0x00000007c9200000| Untracked 
| 147|0x00000007c9300000, 0x00000007c9300000, 0x00000007c9400000|  0%| F|  |TAMS 0x00000007c9300000| PB 0x00000007c9300000| Untracked 
| 148|0x00000007c9400000, 0x00000007c9400000, 0x00000007c9500000|  0%| F|  |TAMS 0x00000007c9400000| PB 0x00000007c9400000| Untracked 
| 149|0x00000007c9500000, 0x00000007c9500000, 0x00000007c9600000|  0%| F|  |TAMS 0x00000007c9500000| PB 0x00000007c9500000| Untracked 
| 150|0x00000007c9600000, 0x00000007c9600000, 0x00000007c9700000|  0%| F|  |TAMS 0x00000007c9600000| PB 0x00000007c9600000| Untracked 
| 151|0x00000007c9700000, 0x00000007c9700000, 0x00000007c9800000|  0%| F|  |TAMS 0x00000007c9700000| PB 0x00000007c9700000| Untracked 
| 152|0x00000007c9800000, 0x00000007c9800000, 0x00000007c9900000|  0%| F|  |TAMS 0x00000007c9800000| PB 0x00000007c9800000| Untracked 
| 153|0x00000007c9900000, 0x00000007c9900000, 0x00000007c9a00000|  0%| F|  |TAMS 0x00000007c9900000| PB 0x00000007c9900000| Untracked 
| 154|0x00000007c9a00000, 0x00000007c9a00000, 0x00000007c9b00000|  0%| F|  |TAMS 0x00000007c9a00000| PB 0x00000007c9a00000| Untracked 
| 155|0x00000007c9b00000, 0x00000007c9b00000, 0x00000007c9c00000|  0%| F|  |TAMS 0x00000007c9b00000| PB 0x00000007c9b00000| Untracked 
| 156|0x00000007c9c00000, 0x00000007c9c00000, 0x00000007c9d00000|  0%| F|  |TAMS 0x00000007c9c00000| PB 0x00000007c9c00000| Untracked 
| 157|0x00000007c9d00000, 0x00000007c9d00000, 0x00000007c9e00000|  0%| F|  |TAMS 0x00000007c9d00000| PB 0x00000007c9d00000| Untracked 
| 158|0x00000007c9e00000, 0x00000007c9e00000, 0x00000007c9f00000|  0%| F|  |TAMS 0x00000007c9e00000| PB 0x00000007c9e00000| Untracked 
| 159|0x00000007c9f00000, 0x00000007c9f00000, 0x00000007ca000000|  0%| F|  |TAMS 0x00000007c9f00000| PB 0x00000007c9f00000| Untracked 
| 160|0x00000007ca000000, 0x00000007ca000000, 0x00000007ca100000|  0%| F|  |TAMS 0x00000007ca000000| PB 0x00000007ca000000| Untracked 
| 161|0x00000007ca100000, 0x00000007ca100000, 0x00000007ca200000|  0%| F|  |TAMS 0x00000007ca100000| PB 0x00000007ca100000| Untracked 
| 162|0x00000007ca200000, 0x00000007ca200000, 0x00000007ca300000|  0%| F|  |TAMS 0x00000007ca200000| PB 0x00000007ca200000| Untracked 
| 163|0x00000007ca300000, 0x00000007ca300000, 0x00000007ca400000|  0%| F|  |TAMS 0x00000007ca300000| PB 0x00000007ca300000| Untracked 
| 164|0x00000007ca400000, 0x00000007ca400000, 0x00000007ca500000|  0%| F|  |TAMS 0x00000007ca400000| PB 0x00000007ca400000| Untracked 
| 165|0x00000007ca500000, 0x00000007ca500000, 0x00000007ca600000|  0%| F|  |TAMS 0x00000007ca500000| PB 0x00000007ca500000| Untracked 
| 166|0x00000007ca600000, 0x00000007ca600000, 0x00000007ca700000|  0%| F|  |TAMS 0x00000007ca600000| PB 0x00000007ca600000| Untracked 
| 167|0x00000007ca700000, 0x00000007ca700000, 0x00000007ca800000|  0%| F|  |TAMS 0x00000007ca700000| PB 0x00000007ca700000| Untracked 
| 168|0x00000007ca800000, 0x00000007ca800000, 0x00000007ca900000|  0%| F|  |TAMS 0x00000007ca800000| PB 0x00000007ca800000| Untracked 
| 169|0x00000007ca900000, 0x00000007ca900000, 0x00000007caa00000|  0%| F|  |TAMS 0x00000007ca900000| PB 0x00000007ca900000| Untracked 
| 170|0x00000007caa00000, 0x00000007caa00000, 0x00000007cab00000|  0%| F|  |TAMS 0x00000007caa00000| PB 0x00000007caa00000| Untracked 
| 171|0x00000007cab00000, 0x00000007cab80000, 0x00000007cac00000| 50%| E|  |TAMS 0x00000007cab00000| PB 0x00000007cab00000| Complete 
| 172|0x00000007cac00000, 0x00000007cad00000, 0x00000007cad00000|100%| E|CS|TAMS 0x00000007cac00000| PB 0x00000007cac00000| Complete 
| 173|0x00000007cad00000, 0x00000007cae00000, 0x00000007cae00000|100%| E|CS|TAMS 0x00000007cad00000| PB 0x00000007cad00000| Complete 
| 174|0x00000007cae00000, 0x00000007caf00000, 0x00000007caf00000|100%| E|CS|TAMS 0x00000007cae00000| PB 0x00000007cae00000| Complete 
| 175|0x00000007caf00000, 0x00000007cb000000, 0x00000007cb000000|100%| E|  |TAMS 0x00000007caf00000| PB 0x00000007caf00000| Complete 
| 176|0x00000007cb000000, 0x00000007cb100000, 0x00000007cb100000|100%| E|CS|TAMS 0x00000007cb000000| PB 0x00000007cb000000| Complete 
| 177|0x00000007cb100000, 0x00000007cb200000, 0x00000007cb200000|100%| E|CS|TAMS 0x00000007cb100000| PB 0x00000007cb100000| Complete 
| 178|0x00000007cb200000, 0x00000007cb300000, 0x00000007cb300000|100%| E|CS|TAMS 0x00000007cb200000| PB 0x00000007cb200000| Complete 
| 179|0x00000007cb300000, 0x00000007cb400000, 0x00000007cb400000|100%| E|CS|TAMS 0x00000007cb300000| PB 0x00000007cb300000| Complete 
| 180|0x00000007cb400000, 0x00000007cb500000, 0x00000007cb500000|100%| E|CS|TAMS 0x00000007cb400000| PB 0x00000007cb400000| Complete 
| 181|0x00000007cb500000, 0x00000007cb600000, 0x00000007cb600000|100%| E|CS|TAMS 0x00000007cb500000| PB 0x00000007cb500000| Complete 
| 182|0x00000007cb600000, 0x00000007cb700000, 0x00000007cb700000|100%| E|CS|TAMS 0x00000007cb600000| PB 0x00000007cb600000| Complete 
| 183|0x00000007cb700000, 0x00000007cb800000, 0x00000007cb800000|100%| E|CS|TAMS 0x00000007cb700000| PB 0x00000007cb700000| Complete 
| 184|0x00000007cb800000, 0x00000007cb900000, 0x00000007cb900000|100%| E|CS|TAMS 0x00000007cb800000| PB 0x00000007cb800000| Complete 
| 185|0x00000007cb900000, 0x00000007cba00000, 0x00000007cba00000|100%| E|CS|TAMS 0x00000007cb900000| PB 0x00000007cb900000| Complete 
| 186|0x00000007cba00000, 0x00000007cbb00000, 0x00000007cbb00000|100%| E|CS|TAMS 0x00000007cba00000| PB 0x00000007cba00000| Complete 
| 187|0x00000007cbb00000, 0x00000007cbc00000, 0x00000007cbc00000|100%| E|CS|TAMS 0x00000007cbb00000| PB 0x00000007cbb00000| Complete 
| 188|0x00000007cbc00000, 0x00000007cbd00000, 0x00000007cbd00000|100%| E|CS|TAMS 0x00000007cbc00000| PB 0x00000007cbc00000| Complete 
| 189|0x00000007cbd00000, 0x00000007cbe00000, 0x00000007cbe00000|100%| E|CS|TAMS 0x00000007cbd00000| PB 0x00000007cbd00000| Complete 
| 190|0x00000007cbe00000, 0x00000007cbf00000, 0x00000007cbf00000|100%| E|CS|TAMS 0x00000007cbe00000| PB 0x00000007cbe00000| Complete 
| 191|0x00000007cbf00000, 0x00000007cc000000, 0x00000007cc000000|100%| E|CS|TAMS 0x00000007cbf00000| PB 0x00000007cbf00000| Complete 
| 192|0x00000007cc000000, 0x00000007cc100000, 0x00000007cc100000|100%| E|CS|TAMS 0x00000007cc000000| PB 0x00000007cc000000| Complete 
|1021|0x00000007ffd00000, 0x00000007ffe00000, 0x00000007ffe00000|100%| O|  |TAMS 0x00000007ffd00000| PB 0x00000007ffd00000| Untracked 
|1022|0x00000007ffe00000, 0x00000007fff00000, 0x00000007fff00000|100%| O|  |TAMS 0x00000007ffe00000| PB 0x00000007ffe00000| Untracked 
|1023|0x00000007fff00000, 0x00000007fff27518, 0x0000000800000000| 15%| O|  |TAMS 0x00000007fff00000| PB 0x00000007fff00000| Untracked 

Card table byte_map: [0x00000001092dc000,0x00000001094dc000] _byte_map_base: 0x00000001054dc000

Marking Bits: (CMBitMap*) 0x00000001049105b0
 Bits: [0x000000012f09c000, 0x000000013009c000)

Polling page: 0x0000000104264000

Metaspace:

Usage:
  Non-class:      1.62 MB used.
      Class:    114.55 KB used.
       Both:      1.73 MB used.

Virtual space:
  Non-class space:       64.00 MB reserved,       1.69 MB (  3%) committed,  1 nodes.
      Class space:        1.00 GB reserved,     192.00 KB ( <1%) committed,  1 nodes.
             Both:        1.06 GB reserved,       1.88 MB ( <1%) committed. 

Chunk freelists:
   Non-Class:  11.45 MB
       Class:  15.66 MB
        Both:  27.11 MB

MaxMetaspaceSize: unlimited
CompressedClassSpaceSize: 1.00 GB
Initial GC threshold: 21.00 MB
Current GC threshold: 21.00 MB
CDS: on
 - commit_granule_bytes: 65536.
 - commit_granule_words: 8192.
 - virtual_space_node_default_size: 8388608.
 - enlarge_chunks_in_place: 1.
 - use_allocation_guard: 0.


Internal statistics:

num_allocs_failed_limit: 0.
num_arena_births: 66.
num_arena_deaths: 0.
num_vsnodes_births: 2.
num_vsnodes_deaths: 0.
num_space_committed: 30.
num_space_uncommitted: 0.
num_chunks_returned_to_freelist: 0.
num_chunks_taken_from_freelist: 112.
num_chunk_merges: 0.
num_chunk_splits: 76.
num_chunks_enlarged: 48.
num_inconsistent_stats: 0.

CodeHeap 'non-profiled nmethods': size=259296Kb used=538Kb max_used=538Kb free=258757Kb
 bounds [0x000000011f364000, 0x000000011f5d4000, 0x000000012f09c000]
CodeHeap 'profiled nmethods': size=259296Kb used=2396Kb max_used=2396Kb free=256899Kb
 bounds [0x000000010f09c000, 0x000000010f30c000, 0x000000011edd4000]
CodeHeap 'non-nmethods': size=5696Kb used=1300Kb max_used=1356Kb free=4396Kb
 bounds [0x000000011edd4000, 0x000000011f044000, 0x000000011f364000]
CodeCache: size=524288Kb, used=4234Kb, max_used=4290Kb, free=520052Kb
 total_blobs=1791, nmethods=1338, adapters=362, full_count=0
Compilation: enabled, stopped_count=0, restarted_count=0

Compilation events (20 events):
Event: 0.276 Thread 0x0000000bcecc5000 nmethod 1321 0x000000010f2ef390 code [0x000000010f2ef580, 0x000000010f2ef9a0]
Event: 0.276 Thread 0x0000000bcecc5000 1322       3       java.util.RegularEnumSet::iterator (9 bytes)
Event: 0.276 Thread 0x0000000bcecc5000 nmethod 1322 0x000000010f2efb10 code [0x000000010f2efcc0, 0x000000010f2eff88]
Event: 0.276 Thread 0x0000000bcecc5000 1323       3       java.util.RegularEnumSet$EnumSetIterator::<init> (23 bytes)
Event: 0.276 Thread 0x0000000bcecc5000 nmethod 1323 0x000000010f2f0090 code [0x000000010f2f0240, 0x000000010f2f0460]
Event: 0.276 Thread 0x0000000bcecc5000 1324       3       sun.nio.ch.FileChannelImpl::map (171 bytes)
Event: 0.276 Thread 0x0000000bcecc4800 nmethod 1325 0x000000011f3e9090 code [0x000000011f3e9280, 0x000000011f3e95b8]
Event: 0.276 Thread 0x0000000bcecc5000 nmethod 1324 0x000000010f2f0590 code [0x000000010f2f08c0, 0x000000010f2f1918]
Event: 0.276 Thread 0x0000000bcecc5000 1331   !   3       jdk.internal.misc.ScopedMemoryAccess::putLong (21 bytes)
Event: 0.276 Thread 0x0000000bcecc5000 nmethod 1331 0x000000010f2f1e10 code [0x000000010f2f2000, 0x000000010f2f2510]
Event: 0.276 Thread 0x0000000bcecc5000 1332   !   3       jdk.internal.misc.ScopedMemoryAccess::putLongInternal (35 bytes)
Event: 0.276 Thread 0x0000000bcecc5000 nmethod 1332 0x000000010f2f2790 code [0x000000010f2f2940, 0x000000010f2f2cb8]
Event: 0.276 Thread 0x0000000bcecc5000 1338       3       java.lang.invoke.MethodType::parameterSlotCount (8 bytes)
Event: 0.276 Thread 0x0000000bcecc5000 nmethod 1338 0x000000010f2f2e90 code [0x000000010f2f3040, 0x000000010f2f31b8]
Event: 0.276 Thread 0x0000000bcecc5000 1326       1       jdk.internal.loader.BuiltinClassLoader$LoadedModule::loader (5 bytes)
Event: 0.276 Thread 0x0000000bcecc5000 nmethod 1326 0x000000011f3e9f90 code [0x000000011f3ea100, 0x000000011f3ea1f8]
Event: 0.276 Thread 0x0000000bcecc5000 1336       1       jdk.internal.util.ClassFileDumper::isEnabled (5 bytes)
Event: 0.276 Thread 0x0000000bcecc5000 nmethod 1336 0x000000011f3ea290 code [0x000000011f3ea400, 0x000000011f3ea4f8]
Event: 0.276 Thread 0x0000000bcecc5000 1337       1       jdk.internal.org.objectweb.asm.SymbolTable::getMajorVersion (5 bytes)
Event: 0.276 Thread 0x0000000bcecc5000 nmethod 1337 0x000000011f3ea590 code [0x000000011f3ea700, 0x000000011f3ea7f8]

GC Heap History (12 events):
Event: 0.161 GC heap before
{Heap before GC invocations=0 (full 0):
 garbage-first heap   total 134144K, used 30877K [0x00000007c0000000, 0x0000000800000000)
  region size 1024K, 23 young (23552K), 0 survivors (0K)
 Metaspace       used 1105K, committed 1216K, reserved 1114112K
  class space    used 67K, committed 128K, reserved 1048576K
}
Event: 0.162 GC heap after
{Heap after GC invocations=1 (full 0):
 garbage-first heap   total 134144K, used 21191K [0x00000007c0000000, 0x0000000800000000)
  region size 1024K, 3 young (3072K), 3 survivors (3072K)
 Metaspace       used 1105K, committed 1216K, reserved 1114112K
  class space    used 67K, committed 128K, reserved 1048576K
}
Event: 0.185 GC heap before
{Heap before GC invocations=1 (full 0):
 garbage-first heap   total 134144K, used 36551K [0x00000007c0000000, 0x0000000800000000)
  region size 1024K, 18 young (18432K), 3 survivors (3072K)
 Metaspace       used 1171K, committed 1280K, reserved 1114112K
  class space    used 67K, committed 128K, reserved 1048576K
}
Event: 0.187 GC heap after
{Heap after GC invocations=2 (full 0):
 garbage-first heap   total 134144K, used 25686K [0x00000007c0000000, 0x0000000800000000)
  region size 1024K, 3 young (3072K), 3 survivors (3072K)
 Metaspace       used 1171K, committed 1280K, reserved 1114112K
  class space    used 67K, committed 128K, reserved 1048576K
}
Event: 0.219 GC heap before
{Heap before GC invocations=2 (full 0):
 garbage-first heap   total 134144K, used 58454K [0x00000007c0000000, 0x0000000800000000)
  region size 1024K, 31 young (31744K), 3 survivors (3072K)
 Metaspace       used 1557K, committed 1728K, reserved 1114112K
  class space    used 99K, committed 192K, reserved 1048576K
}
Event: 0.221 GC heap after
{Heap after GC invocations=3 (full 0):
 garbage-first heap   total 134144K, used 37021K [0x00000007c0000000, 0x0000000800000000)
  region size 1024K, 4 young (4096K), 4 survivors (4096K)
 Metaspace       used 1557K, committed 1728K, reserved 1114112K
  class space    used 99K, committed 192K, reserved 1048576K
}
Event: 0.230 GC heap before
{Heap before GC invocations=3 (full 0):
 garbage-first heap   total 134144K, used 72861K [0x00000007c0000000, 0x0000000800000000)
  region size 1024K, 40 young (40960K), 4 survivors (4096K)
 Metaspace       used 1600K, committed 1792K, reserved 1114112K
  class space    used 99K, committed 192K, reserved 1048576K
}
Event: 0.231 GC heap after
{Heap after GC invocations=4 (full 0):
 garbage-first heap   total 134144K, used 40412K [0x00000007c0000000, 0x0000000800000000)
  region size 1024K, 3 young (3072K), 3 survivors (3072K)
 Metaspace       used 1600K, committed 1792K, reserved 1114112K
  class space    used 99K, committed 192K, reserved 1048576K
}
Event: 0.254 GC heap before
{Heap before GC invocations=4 (full 0):
 garbage-first heap   total 134144K, used 90588K [0x00000007c0000000, 0x0000000800000000)
  region size 1024K, 53 young (54272K), 3 survivors (3072K)
 Metaspace       used 1683K, committed 1856K, reserved 1114112K
  class space    used 99K, committed 192K, reserved 1048576K
}
Event: 0.255 GC heap after
{Heap after GC invocations=5 (full 0):
 garbage-first heap   total 134144K, used 46237K [0x00000007c0000000, 0x0000000800000000)
  region size 1024K, 7 young (7168K), 7 survivors (7168K)
 Metaspace       used 1683K, committed 1856K, reserved 1114112K
  class space    used 99K, committed 192K, reserved 1048576K
}
Event: 0.269 GC heap before
{Heap before GC invocations=5 (full 0):
 garbage-first heap   total 134144K, used 97437K [0x00000007c0000000, 0x0000000800000000)
  region size 1024K, 58 young (59392K), 7 survivors (7168K)
 Metaspace       used 1689K, committed 1856K, reserved 1114112K
  class space    used 99K, committed 192K, reserved 1048576K
}
Event: 0.271 GC heap after
{Heap after GC invocations=6 (full 0):
 garbage-first heap   total 200704K, used 50907K [0x00000007c0000000, 0x0000000800000000)
  region size 1024K, 5 young (5120K), 5 survivors (5120K)
 Metaspace       used 1689K, committed 1856K, reserved 1114112K
  class space    used 99K, committed 192K, reserved 1048576K
}

Dll operation events (7 events):
Event: 0.004 Loaded shared library /Users/stephan/.gradle/caches/9.6.1/transforms/dc67bb6db46d49a62c982698aa2bb43c/transformed/idea-2025.3.3-aarch64/jbr/Contents/Home/lib/libjava.dylib
Event: 0.005 Loaded shared library /Users/stephan/.gradle/caches/9.6.1/transforms/dc67bb6db46d49a62c982698aa2bb43c/transformed/idea-2025.3.3-aarch64/jbr/Contents/Home/lib/libzip.dylib
Event: 0.067 Loaded shared library /Users/stephan/.gradle/caches/9.6.1/transforms/dc67bb6db46d49a62c982698aa2bb43c/transformed/idea-2025.3.3-aarch64/jbr/Contents/Home/lib/libnio.dylib
Event: 0.068 Loaded shared library /Users/stephan/.gradle/caches/9.6.1/transforms/dc67bb6db46d49a62c982698aa2bb43c/transformed/idea-2025.3.3-aarch64/jbr/Contents/Home/lib/libzip.dylib
Event: 0.127 Loaded shared library /Users/stephan/.gradle/caches/9.6.1/transforms/dc67bb6db46d49a62c982698aa2bb43c/transformed/idea-2025.3.3-aarch64/jbr/Contents/Home/lib/libinstrument.dylib
Event: 0.129 Loaded shared library /Users/stephan/.gradle/caches/9.6.1/transforms/dc67bb6db46d49a62c982698aa2bb43c/transformed/idea-2025.3.3-aarch64/jbr/Contents/Home/lib/libnet.dylib
Event: 0.205 Loaded shared library /Users/stephan/.gradle/caches/9.6.1/transforms/dc67bb6db46d49a62c982698aa2bb43c/transformed/idea-2025.3.3-aarch64/jbr/Contents/Home/lib/libjimage.dylib

Deoptimization events (20 events):
Event: 0.259 Thread 0x00000001049056a0 DEOPT PACKING pc=0x000000010f28e060 sp=0x000000016be50030
Event: 0.259 Thread 0x00000001049056a0 DEOPT UNPACKING pc=0x000000011ee16e7c sp=0x000000016be4fd70 mode 0
Event: 0.260 Thread 0x00000001049056a0 DEOPT PACKING pc=0x000000010f1fa380 sp=0x000000016be4ff30
Event: 0.260 Thread 0x00000001049056a0 DEOPT UNPACKING pc=0x000000011ee16e7c sp=0x000000016be4fc10 mode 0
Event: 0.261 Thread 0x00000001049056a0 DEOPT PACKING pc=0x000000010f21e004 sp=0x000000016be504d0
Event: 0.261 Thread 0x00000001049056a0 DEOPT UNPACKING pc=0x000000011ee16e7c sp=0x000000016be501d0 mode 0
Event: 0.263 Thread 0x00000001049056a0 DEOPT PACKING pc=0x000000010f21e004 sp=0x000000016be504d0
Event: 0.263 Thread 0x00000001049056a0 DEOPT UNPACKING pc=0x000000011ee16e7c sp=0x000000016be501d0 mode 0
Event: 0.265 Thread 0x00000001049056a0 DEOPT PACKING pc=0x000000010f28e060 sp=0x000000016be50030
Event: 0.265 Thread 0x00000001049056a0 DEOPT UNPACKING pc=0x000000011ee16e7c sp=0x000000016be4fd70 mode 0
Event: 0.268 Thread 0x00000001049056a0 DEOPT PACKING pc=0x000000010f28e060 sp=0x000000016be50030
Event: 0.268 Thread 0x00000001049056a0 DEOPT UNPACKING pc=0x000000011ee16e7c sp=0x000000016be4fd70 mode 0
Event: 0.272 Thread 0x00000001049056a0 DEOPT PACKING pc=0x000000010f28b718 sp=0x000000016be50070
Event: 0.272 Thread 0x00000001049056a0 DEOPT UNPACKING pc=0x000000011ee16e7c sp=0x000000016be4fd20 mode 0
Event: 0.273 Thread 0x00000001049056a0 DEOPT PACKING pc=0x000000010f28e060 sp=0x000000016be50030
Event: 0.273 Thread 0x00000001049056a0 DEOPT UNPACKING pc=0x000000011ee16e7c sp=0x000000016be4fd70 mode 0
Event: 0.273 Thread 0x00000001049056a0 DEOPT PACKING pc=0x000000010f28b718 sp=0x000000016be50070
Event: 0.273 Thread 0x00000001049056a0 DEOPT UNPACKING pc=0x000000011ee16e7c sp=0x000000016be4fd20 mode 0
Event: 0.277 Thread 0x00000001049056a0 DEOPT PACKING pc=0x000000010f1b47c0 sp=0x000000016be51190
Event: 0.277 Thread 0x00000001049056a0 DEOPT UNPACKING pc=0x000000011ee16e7c sp=0x000000016be50e90 mode 3

Classes loaded (20 events):
Event: 0.276 Loading class kotlin/jvm/functions/Function0
Event: 0.276 Loading class kotlin/jvm/functions/Function0 done
Event: 0.277 Loading class kotlin/Function
Event: 0.277 Loading class kotlin/Function done
Event: 0.277 Loading class kotlin/Unit
Event: 0.277 Loading class kotlin/Unit done
Event: 0.277 Loading class kotlin/Unit
Event: 0.277 Loading class kotlin/Unit done
Event: 0.277 Loading class kotlin/Unit
Event: 0.277 Loading class kotlin/Unit done
Event: 0.277 Loading class kotlin/concurrent/ThreadsKt
Event: 0.277 Loading class kotlin/concurrent/ThreadsKt done
Event: 0.277 Loading class kotlin/concurrent/ThreadsKt$thread$thread$1
Event: 0.277 Loading class kotlin/concurrent/ThreadsKt$thread$thread$1 done
Event: 0.277 Loading class sun/misc/SignalHandler
Event: 0.277 Loading class sun/misc/SignalHandler done
Event: 0.277 Loading class sun/misc/Signal$InternalMiscHandler
Event: 0.277 Loading class sun/misc/Signal$InternalMiscHandler done
Event: 0.277 Loading class sun/misc/Signal$SunMiscHandler
Event: 0.277 Loading class sun/misc/Signal$SunMiscHandler done

Classes unloaded (0 events):
No events

Classes redefined (0 events):
No events

Internal exceptions (9 events):
Event: 0.119 Thread 0x00000001049056a0 Implicit null exception at 0x000000011f374814 to 0x000000011f37492c
Event: 0.119 Thread 0x00000001049056a0 Exception <a 'java/lang/NoSuchMethodError'{0x00000007c6f4a550}: 'java.lang.Object java.lang.invoke.DirectMethodHandle$Holder.invokeStaticInit(java.lang.Object, int, java.lang.Object, java.lang.Object)'> (0x00000007c6f4a550) 
thrown [src/hotspot/share/interpreter/linkResolver.cpp, line 784]
Event: 0.120 Thread 0x00000001049056a0 Exception <a 'java/lang/NoSuchMethodError'{0x00000007c6f50b00}: 'java.lang.Object java.lang.invoke.DirectMethodHandle$Holder.newInvokeSpecial(java.lang.Object, int, java.lang.Object)'> (0x00000007c6f50b00) 
thrown [src/hotspot/share/interpreter/linkResolver.cpp, line 784]
Event: 0.124 Thread 0x00000001049056a0 Exception <a 'java/lang/NoSuchMethodError'{0x00000007c6fd5098}: 'java.lang.Object java.lang.invoke.DirectMethodHandle$Holder.invokeStaticInit(java.lang.Object, long)'> (0x00000007c6fd5098) 
thrown [src/hotspot/share/interpreter/linkResolver.cpp, line 784]
Event: 0.132 Thread 0x00000001049056a0 Exception <a 'java/lang/NoSuchMethodError'{0x00000007c6e99830}: 'int java.lang.invoke.DirectMethodHandle$Holder.invokeSpecial(java.lang.Object, java.lang.Object, java.lang.Object, int)'> (0x00000007c6e99830) 
thrown [src/hotspot/share/interpreter/linkResolver.cpp, line 784]
Event: 0.133 Thread 0x00000001049056a0 Exception <a 'java/lang/NoSuchMethodError'{0x00000007c6eabfc8}: 'java.lang.Object java.lang.invoke.DirectMethodHandle$Holder.invokeStatic(java.lang.Object, java.lang.Object, java.lang.Object, java.lang.Object, int)'> (0x00000007c6eabfc8) 
thrown [src/hotspot/share/interpreter/linkResolver.cpp, line 784]
Event: 0.133 Thread 0x00000001049056a0 Exception <a 'java/lang/NoSuchMethodError'{0x00000007c6eb3e58}: 'long java.lang.invoke.DirectMethodHandle$Holder.invokeStatic(java.lang.Object, java.lang.Object, int)'> (0x00000007c6eb3e58) 
thrown [src/hotspot/share/interpreter/linkResolver.cpp, line 784]
Event: 0.133 Thread 0x00000001049056a0 Exception <a 'java/lang/NoSuchMethodError'{0x00000007c6ebf398}: 'java.lang.Object java.lang.invoke.DelegatingMethodHandle$Holder.reinvoke_L(java.lang.Object, int, long, java.lang.Object, java.lang.Object, int, java.lang.Object)'> (0x00000007c6ebf398) 
thrown [src/hotspot/share/interpreter/linkResolver.cpp, line 784]
Event: 0.276 Thread 0x00000001049056a0 Exception <a 'java/lang/NoSuchMethodError'{0x00000007caccb7e0}: 'java.lang.Object java.lang.invoke.Invokers$Holder.invokeExact_MT(java.lang.Object, java.lang.Object, java.lang.Object, java.lang.Object, java.lang.Object)'> (0x00000007caccb7e0) 
thrown [src/hotspot/share/interpreter/linkResolver.cpp, line 784]

ZGC Phase Switch (0 events):
No events

VM Operations (20 events):
Event: 0.185 Executing safepoint VM operation: G1CollectForAllocation (G1 Evacuation Pause)
Event: 0.187 Executing safepoint VM operation: G1CollectForAllocation (G1 Evacuation Pause) done
Event: 0.191 Executing non-safepoint VM operation: HandshakeAllThreads (Deoptimize)
Event: 0.191 Executing non-safepoint VM operation: HandshakeAllThreads (Deoptimize) done
Event: 0.199 Executing non-safepoint VM operation: HandshakeAllThreads (Deoptimize)
Event: 0.199 Executing non-safepoint VM operation: HandshakeAllThreads (Deoptimize) done
Event: 0.201 Executing non-safepoint VM operation: HandshakeAllThreads (Deoptimize)
Event: 0.201 Executing non-safepoint VM operation: HandshakeAllThreads (Deoptimize) done
Event: 0.206 Executing non-safepoint VM operation: HandshakeAllThreads (Deoptimize)
Event: 0.206 Executing non-safepoint VM operation: HandshakeAllThreads (Deoptimize) done
Event: 0.212 Executing non-safepoint VM operation: HandshakeAllThreads (Deoptimize)
Event: 0.212 Executing non-safepoint VM operation: HandshakeAllThreads (Deoptimize) done
Event: 0.219 Executing safepoint VM operation: G1CollectForAllocation (G1 Evacuation Pause)
Event: 0.221 Executing safepoint VM operation: G1CollectForAllocation (G1 Evacuation Pause) done
Event: 0.230 Executing safepoint VM operation: G1CollectForAllocation (G1 Evacuation Pause)
Event: 0.231 Executing safepoint VM operation: G1CollectForAllocation (G1 Evacuation Pause) done
Event: 0.254 Executing safepoint VM operation: G1CollectForAllocation (G1 Evacuation Pause)
Event: 0.255 Executing safepoint VM operation: G1CollectForAllocation (G1 Evacuation Pause) done
Event: 0.269 Executing safepoint VM operation: G1CollectForAllocation (G1 Evacuation Pause)
Event: 0.271 Executing safepoint VM operation: G1CollectForAllocation (G1 Evacuation Pause) done

Memory protections (10 events):
Event: 0.004 Protecting memory [0x000000016bc50000,0x000000016bc5c000] with protection modes 0
Event: 0.018 Protecting memory [0x000000016cdc8000,0x000000016cdd4000] with protection modes 0
Event: 0.018 Protecting memory [0x000000016cfd4000,0x000000016cfe0000] with protection modes 0
Event: 0.018 Protecting memory [0x000000016d1e0000,0x000000016d1ec000] with protection modes 0
Event: 0.018 Protecting memory [0x000000016d3ec000,0x000000016d3f8000] with protection modes 0
Event: 0.018 Protecting memory [0x000000016d5f8000,0x000000016d604000] with protection modes 0
Event: 0.018 Protecting memory [0x000000016d804000,0x000000016d810000] with protection modes 0
Event: 0.018 Protecting memory [0x000000016da10000,0x000000016da1c000] with protection modes 0
Event: 0.018 Protecting memory [0x000000016dc1c000,0x000000016dc28000] with protection modes 0
Event: 0.277 Protecting memory [0x000000030ecf8000,0x000000030ed04000] with protection modes 0

Nmethod flushes (0 events):
No events

Events (10 events):
Event: 0.012 Thread 0x00000001049056a0 Thread added: 0x00000001049056a0
Event: 0.018 Thread 0x00000001049056a0 Thread added: 0x0000000bceca0700
Event: 0.018 Thread 0x00000001049056a0 Thread added: 0x0000000bceca0e00
Event: 0.018 Thread 0x00000001049056a0 Thread added: 0x0000000bceca1500
Event: 0.018 Thread 0x00000001049056a0 Thread added: 0x0000000bceca1c00
Event: 0.018 Thread 0x00000001049056a0 Thread added: 0x0000000bceca2300
Event: 0.018 Thread 0x00000001049056a0 Thread added: 0x0000000bceca2a00
Event: 0.018 Thread 0x00000001049056a0 Thread added: 0x0000000bcecc4800
Event: 0.018 Thread 0x00000001049056a0 Thread added: 0x0000000bcecc5000
Event: 0.277 Thread 0x00000001049056a0 Thread added: 0x0000000bce0b8000


Dynamic libraries:
0x0000000104278000 	/Users/stephan/.gradle/caches/9.6.1/transforms/dc67bb6db46d49a62c982698aa2bb43c/transformed/idea-2025.3.3-aarch64/jbr/Contents/Home/lib/libjli.dylib
0x00000001abcf1000 	/System/Library/Frameworks/Cocoa.framework/Versions/A/Cocoa
0x00000001909d7000 	/System/Library/Frameworks/AppKit.framework/Versions/C/AppKit
0x0000000194016000 	/System/Library/Frameworks/CoreData.framework/Versions/A/CoreData
0x000000018ddd2000 	/System/Library/Frameworks/Foundation.framework/Versions/C/Foundation
0x000000019c374000 	/usr/lib/libSystem.B.dylib
0x00000001920fa000 	/System/Library/PrivateFrameworks/UIFoundation.framework/Versions/A/UIFoundation
0x0000000244e10000 	/System/Library/PrivateFrameworks/CollectionViewCore.framework/Versions/A/CollectionViewCore
0x000000019961b000 	/System/Library/PrivateFrameworks/XCTTargetBootstrap.framework/Versions/A/XCTTargetBootstrap
0x0000000257668000 	/System/Library/PrivateFrameworks/GenerativeModels.framework/Versions/A/GenerativeModels
0x000000019ed08000 	/System/Library/PrivateFrameworks/InternationalSupport.framework/Versions/A/InternationalSupport
0x000000019f064000 	/System/Library/PrivateFrameworks/UserActivity.framework/Versions/A/UserActivity
0x00000001946ab000 	/System/Library/PrivateFrameworks/BaseBoard.framework/Versions/A/BaseBoard
0x000000024e87e000 	/System/Library/PrivateFrameworks/FrontBoard.framework/Versions/A/FrontBoard
0x00000001a6a34000 	/System/Library/PrivateFrameworks/FrontBoardServices.framework/Versions/A/FrontBoardServices
0x000000028f630000 	/usr/lib/libRosetta.dylib
0x0000000282954000 	/System/Library/PrivateFrameworks/UIIntelligenceSupport.framework/Versions/A/UIIntelligenceSupport
0x00000002391a7000 	/System/Library/Frameworks/SwiftUICore.framework/Versions/A/SwiftUICore
0x00000002894e8000 	/System/Library/PrivateFrameworks/WritingTools.framework/Versions/A/WritingTools
0x00000002882e3000 	/System/Library/PrivateFrameworks/WindowManagement.framework/Versions/A/WindowManagement
0x000000018da41000 	/System/Library/Frameworks/SystemConfiguration.framework/Versions/A/SystemConfiguration
0x000000019df73000 	/usr/lib/libspindump.dylib
0x00000001922b3000 	/System/Library/Frameworks/UniformTypeIdentifiers.framework/Versions/A/UniformTypeIdentifiers
0x000000019b5cb000 	/usr/lib/libbsm.0.dylib
0x0000000196dad000 	/usr/lib/libapp_launch_measurement.dylib
0x00000001960b6000 	/System/Library/PrivateFrameworks/CoreAnalytics.framework/Versions/A/CoreAnalytics
0x0000000196db1000 	/System/Library/PrivateFrameworks/CoreAutoLayout.framework/Versions/A/CoreAutoLayout
0x0000000198b94000 	/System/Library/Frameworks/Metal.framework/Versions/A/Metal
0x0000000199f57000 	/usr/lib/liblangid.dylib
0x0000000199621000 	/System/Library/PrivateFrameworks/CoreSVG.framework/Versions/A/CoreSVG
0x0000000192d0d000 	/System/Library/PrivateFrameworks/SkyLight.framework/Versions/A/SkyLight
0x000000024e5b3000 	/System/Library/PrivateFrameworks/FocusEngine.framework/Versions/A/FocusEngine
0x00000001932c4000 	/System/Library/Frameworks/CoreGraphics.framework/Versions/A/CoreGraphics
0x000000024bfbf000 	/System/Library/PrivateFrameworks/DesignLibrary.framework/Versions/A/DesignLibrary
0x00000001a4cc0000 	/System/Library/Frameworks/Accelerate.framework/Versions/A/Accelerate
0x000000019dd69000 	/System/Library/PrivateFrameworks/IconServices.framework/Versions/A/IconServices
0x0000000198b6c000 	/System/Library/Frameworks/IOSurface.framework/Versions/A/IOSurface
0x00000001960e6000 	/usr/lib/libDiagnosticMessagesClient.dylib
0x000000019c2be000 	/usr/lib/libz.1.dylib
0x00000001a910e000 	/System/Library/Frameworks/ApplicationServices.framework/Versions/A/ApplicationServices
0x0000000199606000 	/System/Library/PrivateFrameworks/DFRFoundation.framework/Versions/A/DFRFoundation
0x0000000190226000 	/usr/lib/libicucore.A.dylib
0x00000001a028f000 	/System/Library/Frameworks/AudioToolbox.framework/Versions/A/AudioToolbox
0x000000019f012000 	/System/Library/PrivateFrameworks/DataDetectorsCore.framework/Versions/A/DataDetectorsCore
0x000000028389d000 	/System/Library/PrivateFrameworks/UpdateCycle.framework/Versions/A/UpdateCycle
0x00000001bd651000 	/System/Library/PrivateFrameworks/TextInput.framework/Versions/A/TextInput
0x0000000192c51000 	/usr/lib/libMobileGestalt.dylib
0x000000019930a000 	/System/Library/Frameworks/Carbon.framework/Versions/A/Frameworks/HIToolbox.framework/Versions/A/HIToolbox
0x0000000196610000 	/System/Library/Frameworks/QuartzCore.framework/Versions/A/QuartzCore
0x000000018fe07000 	/System/Library/Frameworks/Security.framework/Versions/A/Security
0x00000001a462f000 	/System/Library/Frameworks/Carbon.framework/Versions/A/Frameworks/SpeechRecognition.framework/Versions/A/SpeechRecognition
0x0000000196a78000 	/System/Library/PrivateFrameworks/CoreUI.framework/Versions/A/CoreUI
0x000000018f671000 	/System/Library/Frameworks/CoreAudio.framework/Versions/A/CoreAudio
0x00000001961e1000 	/System/Library/Frameworks/DiskArbitration.framework/Versions/A/DiskArbitration
0x000000019e511000 	/System/Library/PrivateFrameworks/MultitouchSupport.framework/Versions/A/MultitouchSupport
0x0000000192c4f000 	/usr/lib/libenergytrace.dylib
0x00000001b0998000 	/System/Library/PrivateFrameworks/RenderBox.framework/Versions/A/RenderBox
0x000000019087e000 	/System/Library/Frameworks/IOKit.framework/Versions/A/IOKit
0x00000001a4a41000 	/System/Library/Frameworks/CoreServices.framework/Versions/A/CoreServices
0x0000000196d34000 	/System/Library/PrivateFrameworks/PerformanceAnalysis.framework/Versions/A/PerformanceAnalysis
0x0000000231a94000 	/System/Library/Frameworks/OpenGL.framework/Versions/A/OpenGL
0x0000000196dfa000 	/usr/lib/libxml2.2.dylib
0x000000019b4ac000 	/System/Library/PrivateFrameworks/MobileKeyBag.framework/Versions/A/MobileKeyBag
0x000000018c0c0000 	/usr/lib/libobjc.A.dylib
0x000000018c435000 	/usr/lib/libc++.1.dylib
0x00000001a49bf000 	/System/Library/Frameworks/Accessibility.framework/Versions/A/Accessibility
0x0000000193a1a000 	/System/Library/Frameworks/ColorSync.framework/Versions/A/ColorSync
0x000000018c565000 	/System/Library/Frameworks/CoreFoundation.framework/Versions/A/CoreFoundation
0x000000019999f000 	/System/Library/Frameworks/CoreImage.framework/Versions/A/CoreImage
0x000000018f448000 	/System/Library/Frameworks/CoreText.framework/Versions/A/CoreText
0x0000000233494000 	/System/Library/Frameworks/CoreTransferable.framework/Versions/A/CoreTransferable
0x00000002339af000 	/System/Library/Frameworks/DataDetection.framework/Versions/A/DataDetection
0x00000002339c6000 	/System/Library/Frameworks/DeveloperToolsSupport.framework/Versions/A/DeveloperToolsSupport
0x000000019965f000 	/System/Library/Frameworks/ImageIO.framework/Versions/A/ImageIO
0x000000023a104000 	/System/Library/Frameworks/Symbols.framework/Versions/A/Symbols
0x00000001c29cc000 	/System/Library/PrivateFrameworks/AttributeGraph.framework/Versions/A/AttributeGraph
0x00000001a6b0e000 	/System/Library/PrivateFrameworks/BoardServices.framework/Versions/A/BoardServices
0x00000001e7c0a000 	/System/Library/PrivateFrameworks/FeatureFlags.framework/Versions/A/FeatureFlags
0x0000000257b13000 	/System/Library/PrivateFrameworks/Gestures.framework/Versions/A/Gestures
0x000000019c378000 	/System/Library/PrivateFrameworks/SoftLinking.framework/Versions/A/SoftLinking
0x00000001d16ad000 	/usr/lib/swift/libswiftAccelerate.dylib
0x00000001c7822000 	/usr/lib/swift/libswiftCompression.dylib
0x000000019fbe4000 	/usr/lib/swift/libswiftCore.dylib
0x00000001b986f000 	/usr/lib/swift/libswiftCoreFoundation.dylib
0x00000001b98cf000 	/usr/lib/swift/libswiftCoreImage.dylib
0x00000001a67ad000 	/usr/lib/swift/libswiftDispatch.dylib
0x00000001b98d0000 	/usr/lib/swift/libswiftIOKit.dylib
0x00000001c7814000 	/usr/lib/swift/libswiftMetal.dylib
0x00000001d6fdb000 	/usr/lib/swift/libswiftOSLog.dylib
0x00000001a9785000 	/usr/lib/swift/libswiftObjectiveC.dylib
0x0000000290da9000 	/usr/lib/swift/libswiftObservation.dylib
0x00000001ccc09000 	/usr/lib/swift/libswiftQuartzCore.dylib
0x0000000290e6b000 	/usr/lib/swift/libswiftSpatial.dylib
0x0000000290ee5000 	/usr/lib/swift/libswiftSynchronization.dylib
0x00000001d169d000 	/usr/lib/swift/libswiftUniformTypeIdentifiers.dylib
0x00000001b9882000 	/usr/lib/swift/libswiftXPC.dylib
0x0000000290f2b000 	/usr/lib/swift/libswift_Builtin_float.dylib
0x0000000290f2c000 	/usr/lib/swift/libswift_Concurrency.dylib
0x00000001a9789000 	/usr/lib/swift/libswiftos.dylib
0x00000001bd3c3000 	/usr/lib/swift/libswiftsimd.dylib
0x000000019c59c000 	/usr/lib/libcompression.dylib
0x000000019ec71000 	/System/Library/PrivateFrameworks/TextureIO.framework/Versions/A/TextureIO
0x0000000193bc2000 	/System/Library/Frameworks/ApplicationServices.framework/Versions/A/Frameworks/HIServices.framework/Versions/A/HIServices
0x000000019d9f3000 	/usr/lib/libate.dylib
0x000000019c36e000 	/usr/lib/system/libcache.dylib
0x000000019c329000 	/usr/lib/system/libcommonCrypto.dylib
0x000000019c354000 	/usr/lib/system/libcompiler_rt.dylib
0x000000019c349000 	/usr/lib/system/libcopyfile.dylib
0x000000018c269000 	/usr/lib/system/libcorecrypto.dylib
0x000000018c369000 	/usr/lib/system/libdispatch.dylib
0x000000018c113000 	/usr/lib/system/libdyld.dylib
0x000000019c364000 	/usr/lib/system/libkeymgr.dylib
0x000000019c30c000 	/usr/lib/system/libmacho.dylib
0x000000019b5a3000 	/usr/lib/system/libquarantine.dylib
0x000000019c361000 	/usr/lib/system/libremovefile.dylib
0x0000000192cd1000 	/usr/lib/system/libsystem_asl.dylib
0x000000018c1ef000 	/usr/lib/system/libsystem_blocks.dylib
0x000000018c3b4000 	/usr/lib/system/libsystem_c.dylib
0x000000019c358000 	/usr/lib/system/libsystem_collections.dylib
0x0000000199f44000 	/usr/lib/system/libsystem_configuration.dylib
0x0000000198b33000 	/usr/lib/system/libsystem_containermanager.dylib
0x000000019bd42000 	/usr/lib/system/libsystem_coreservices.dylib
0x00000001904fc000 	/usr/lib/system/libsystem_darwin.dylib
0x000000029124d000 	/usr/lib/system/libsystem_darwindirectory.dylib
0x000000019c365000 	/usr/lib/system/libsystem_dnssd.dylib
0x0000000291251000 	/usr/lib/system/libsystem_eligibility.dylib
0x000000018c3b1000 	/usr/lib/system/libsystem_featureflags.dylib
0x000000018c535000 	/usr/lib/system/libsystem_info.dylib
0x000000019c2cd000 	/usr/lib/system/libsystem_m.dylib
0x000000018c318000 	/usr/lib/system/libsystem_malloc.dylib
0x0000000192c34000 	/usr/lib/system/libsystem_networkextension.dylib
0x0000000190967000 	/usr/lib/system/libsystem_notify.dylib
0x0000000199f49000 	/usr/lib/system/libsystem_sandbox.dylib
0x000000029125b000 	/usr/lib/system/libsystem_sanitizers.dylib
0x000000019c35d000 	/usr/lib/system/libsystem_secinit.dylib
0x000000018c4e1000 	/usr/lib/system/libsystem_kernel.dylib
0x000000018c52c000 	/usr/lib/system/libsystem_platform.dylib
0x000000018c51f000 	/usr/lib/system/libsystem_pthread.dylib
0x000000019488f000 	/usr/lib/system/libsystem_symptoms.dylib
0x000000018c248000 	/usr/lib/system/libsystem_trace.dylib
0x0000000291263000 	/usr/lib/system/libsystem_trial.dylib
0x000000019c337000 	/usr/lib/system/libunwind.dylib
0x000000018c1f3000 	/usr/lib/system/libxpc.dylib
0x000000018c4c6000 	/usr/lib/libc++abi.dylib
0x0000000290ab6000 	/usr/lib/libswiftPrespecialized.dylib
0x000000019c376000 	/usr/lib/libfakelink.dylib
0x000000019287e000 	/System/Library/Frameworks/CFNetwork.framework/Versions/A/CFNetwork
0x000000019c3c9000 	/usr/lib/libarchive.2.dylib
0x00000001a26db000 	/System/Library/Frameworks/Combine.framework/Versions/A/Combine
0x0000000244e35000 	/System/Library/PrivateFrameworks/CollectionsInternal.framework/Versions/A/CollectionsInternal
0x0000000270d34000 	/System/Library/PrivateFrameworks/ReflectionInternal.framework/Versions/A/ReflectionInternal
0x0000000271c87000 	/System/Library/PrivateFrameworks/RuntimeInternal.framework/Versions/A/RuntimeInternal
0x00000001b6705000 	/usr/lib/swift/libswiftDarwin.dylib
0x0000000290ef9000 	/usr/lib/swift/libswiftSystem.dylib
0x0000000290fb8000 	/usr/lib/swift/libswift_DarwinFoundation1.dylib
0x000000029105c000 	/usr/lib/swift/libswift_StringProcessing.dylib
0x00000001907fe000 	/System/Library/PrivateFrameworks/CoreServicesInternal.framework/Versions/A/CoreServicesInternal
0x000000019c341000 	/usr/lib/liboah.dylib
0x00000001a8bb9000 	/System/Library/PrivateFrameworks/DiskImages.framework/Versions/A/DiskImages
0x00000001b61aa000 	/System/Library/Frameworks/NetFS.framework/Versions/A/NetFS
0x0000000196d76000 	/System/Library/Frameworks/CoreServices.framework/Versions/A/Frameworks/FSEvents.framework/Versions/A/FSEvents
0x0000000190506000 	/System/Library/Frameworks/CoreServices.framework/Versions/A/Frameworks/CarbonCore.framework/Versions/A/CarbonCore
0x0000000196155000 	/System/Library/Frameworks/CoreServices.framework/Versions/A/Frameworks/Metadata.framework/Versions/A/Metadata
0x000000019bd49000 	/System/Library/Frameworks/CoreServices.framework/Versions/A/Frameworks/OSServices.framework/Versions/A/OSServices
0x000000019c4c1000 	/System/Library/Frameworks/CoreServices.framework/Versions/A/Frameworks/SearchKit.framework/Versions/A/SearchKit
0x0000000194809000 	/System/Library/Frameworks/CoreServices.framework/Versions/A/Frameworks/AE.framework/Versions/A/AE
0x000000018cac4000 	/System/Library/Frameworks/CoreServices.framework/Versions/A/Frameworks/LaunchServices.framework/Versions/A/LaunchServices
0x000000019d847000 	/System/Library/Frameworks/CoreServices.framework/Versions/A/Frameworks/DictionaryServices.framework/Versions/A/DictionaryServices
0x0000000196d83000 	/System/Library/Frameworks/CoreServices.framework/Versions/A/Frameworks/SharedFileList.framework/Versions/A/SharedFileList
0x000000019c554000 	/usr/lib/libapple_nghttp2.dylib
0x0000000194420000 	/usr/lib/libsqlite3.dylib
0x0000000194609000 	/System/Library/Frameworks/Accounts.framework/Versions/A/Accounts
0x00000001a8dfb000 	/System/Library/PrivateFrameworks/AppSupport.framework/Versions/A/AppSupport
0x00000001b8633000 	/System/Library/Frameworks/AVFoundation.framework/Versions/A/AVFoundation
0x00000001a0916000 	/System/Library/Frameworks/GSS.framework/Versions/A/GSS
0x000000019479d000 	/System/Library/PrivateFrameworks/RunningBoardServices.framework/Versions/A/RunningBoardServices
0x00000001a970d000 	/System/Library/PrivateFrameworks/StreamingZip.framework/Versions/A/StreamingZip
0x0000000194898000 	/System/Library/Frameworks/Network.framework/Versions/A/Network
0x000000019c310000 	/usr/lib/system/libkxld.dylib
0x0000000240415000 	/System/Library/PrivateFrameworks/AppleKeyStore.framework/Versions/A/AppleKeyStore
0x000000028f332000 	/usr/lib/libCoreEntitlements.dylib
0x0000000265417000 	/System/Library/PrivateFrameworks/MessageSecurity.framework/Versions/A/MessageSecurity
0x0000000194404000 	/System/Library/PrivateFrameworks/ProtocolBuffer.framework/Versions/A/ProtocolBuffer
0x00000001a5bbc000 	/System/Library/PrivateFrameworks/SymptomDiagnosticReporter.framework/Versions/A/SymptomDiagnosticReporter
0x000000019da8c000 	/System/Library/PrivateFrameworks/CrashReporterSupport.framework/Versions/A/CrashReporterSupport
0x000000019bd29000 	/System/Library/PrivateFrameworks/AppleFSCompression.framework/Versions/A/AppleFSCompression
0x000000019b5b3000 	/usr/lib/libcoretls.dylib
0x000000019d8bd000 	/usr/lib/libcoretls_cfhelpers.dylib
0x000000019c596000 	/usr/lib/libpam.2.dylib
0x000000019d933000 	/usr/lib/libxar.1.dylib
0x000000019d8bf000 	/System/Library/PrivateFrameworks/APFS.framework/Versions/A/APFS
0x000000027d3b4000 	/System/Library/PrivateFrameworks/SwiftASN1Internal.framework/Versions/A/SwiftASN1Internal
0x000000019d942000 	/usr/lib/libutil.dylib
0x0000000199f52000 	/System/Library/PrivateFrameworks/AppleSystemInfo.framework/Versions/A/AppleSystemInfo
0x000000019b27a000 	/System/Library/PrivateFrameworks/IOMobileFramebuffer.framework/Versions/A/IOMobileFramebuffer
0x00000001a8519000 	/System/Library/PrivateFrameworks/CoreWiFi.framework/Versions/A/CoreWiFi
0x00000001b9731000 	/System/Library/PrivateFrameworks/LoggingSupport.framework/Versions/A/LoggingSupport
0x00000001a0979000 	/System/Library/PrivateFrameworks/MobileAsset.framework/Versions/A/MobileAsset
0x00000001a5bcc000 	/System/Library/PrivateFrameworks/PowerLog.framework/Versions/A/PowerLog
0x00000001a708e000 	/System/Library/PrivateFrameworks/Rapport.framework/Versions/A/Rapport
0x000000023903a000 	/System/Library/Frameworks/SwiftData.framework/Versions/A/SwiftData
0x0000000196fa3000 	/System/Library/PrivateFrameworks/UserManagement.framework/Versions/A/UserManagement
0x00000001927a5000 	/usr/lib/libboringssl.dylib
0x000000019487d000 	/usr/lib/libdns_services.dylib
0x00000001b8767000 	/usr/lib/libquic.dylib
0x000000019fb75000 	/usr/lib/libusrtcp.dylib
0x00000002412ce000 	/System/Library/PrivateFrameworks/AtomicsInternal.framework/Versions/A/AtomicsInternal
0x00000001dfa40000 	/System/Library/PrivateFrameworks/InternalSwiftProtobuf.framework/Versions/A/InternalSwiftProtobuf
0x0000000290d80000 	/usr/lib/swift/libswiftDistributed.dylib
0x0000000199f50000 	/System/Library/PrivateFrameworks/AggregateDictionary.framework/Versions/A/AggregateDictionary
0x0000000241afc000 	/System/Library/PrivateFrameworks/BiomeLibrary.framework/Versions/A/BiomeLibrary
0x00000001c887f000 	/System/Library/PrivateFrameworks/BiomeStreams.framework/Versions/A/BiomeStreams
0x00000001c48e4000 	/System/Library/PrivateFrameworks/BiomeFoundation.framework/Versions/A/BiomeFoundation
0x00000001ceb03000 	/System/Library/PrivateFrameworks/BiomePubSub.framework/Versions/A/BiomePubSub
0x00000001aa6f0000 	/System/Library/PrivateFrameworks/ProactiveSupport.framework/Versions/A/ProactiveSupport
0x000000023b093000 	/System/Library/Frameworks/_LocationEssentials.framework/Versions/A/_LocationEssentials
0x000000019d89e000 	/usr/lib/liblzma.5.dylib
0x00000001a910f000 	/System/Library/PrivateFrameworks/InternationalTextSearch.framework/Versions/A/InternationalTextSearch
0x00000001c0dbf000 	/System/Library/PrivateFrameworks/SoftwareUpdateCoreSupport.framework/Versions/A/SoftwareUpdateCoreSupport
0x00000001c931d000 	/System/Library/PrivateFrameworks/SoftwareUpdateCoreConnect.framework/Versions/A/SoftwareUpdateCoreConnect
0x00000001a8cb3000 	/System/Library/PrivateFrameworks/RemoteServiceDiscovery.framework/Versions/A/RemoteServiceDiscovery
0x00000001c0997000 	/System/Library/PrivateFrameworks/MSUDataAccessor.framework/Versions/A/MSUDataAccessor
0x00000001bb8ff000 	/usr/lib/libbootpolicy.dylib
0x00000001a8cca000 	/System/Library/PrivateFrameworks/RemoteXPC.framework/Versions/A/RemoteXPC
0x00000001c8753000 	/usr/lib/libFDR.dylib
0x00000001ce705000 	/usr/lib/libamsupport.dylib
0x000000028f628000 	/usr/lib/libReverseProxyDevice.dylib
0x000000023fc85000 	/System/Library/PrivateFrameworks/AppleDeviceQuerySupport.framework/Versions/A/AppleDeviceQuerySupport
0x00000001d18c7000 	/usr/lib/libpartition2_dynamic.dylib
0x000000019c530000 	/System/Library/PrivateFrameworks/AppleSauce.framework/Versions/A/AppleSauce
0x000000028f1dd000 	/usr/lib/libAppleArchive.dylib
0x000000019bd35000 	/usr/lib/libbz2.1.0.dylib
0x00000001961eb000 	/System/Library/Frameworks/Accelerate.framework/Versions/A/Frameworks/vImage.framework/Versions/A/vImage
0x00000001a4a1c000 	/System/Library/Frameworks/Accelerate.framework/Versions/A/Frameworks/vecLib.framework/Versions/A/vecLib
0x000000019d979000 	/System/Library/Frameworks/Accelerate.framework/Versions/A/Frameworks/vecLib.framework/Versions/A/libvMisc.dylib
0x000000018cfc8000 	/System/Library/Frameworks/Accelerate.framework/Versions/A/Frameworks/vecLib.framework/Versions/A/libBLAS.dylib
0x0000000196ee1000 	/System/Library/Frameworks/CoreVideo.framework/Versions/A/CoreVideo
0x00000001a052d000 	/System/Library/Frameworks/ApplicationServices.framework/Versions/A/Frameworks/ATS.framework/Versions/A/ATS
0x000000019ebfe000 	/System/Library/Frameworks/ApplicationServices.framework/Versions/A/Frameworks/PrintCore.framework/Versions/A/PrintCore
0x00000001a08df000 	/System/Library/Frameworks/ApplicationServices.framework/Versions/A/Frameworks/QD.framework/Versions/A/QD
0x00000001a08da000 	/System/Library/Frameworks/ApplicationServices.framework/Versions/A/Frameworks/ColorSyncLegacy.framework/Versions/A/ColorSyncLegacy
0x00000001a04ff000 	/System/Library/Frameworks/ApplicationServices.framework/Versions/A/Frameworks/SpeechSynthesis.framework/Versions/A/SpeechSynthesis
0x000000019903a000 	/System/Library/PrivateFrameworks/FontServices.framework/libFontParser.dylib
0x00000001a89db000 	/System/Library/PrivateFrameworks/BackBoardServices.framework/Versions/A/BackBoardServices
0x0000000241a01000 	/System/Library/PrivateFrameworks/BackBoardHIDEventFoundation.framework/Versions/A/BackBoardHIDEventFoundation
0x000000018ef64000 	/System/Library/Frameworks/CoreDisplay.framework/Versions/A/CoreDisplay
0x000000019e557000 	/System/Library/Frameworks/VideoToolbox.framework/Versions/A/VideoToolbox
0x000000019c594000 	/System/Library/Frameworks/MetalPerformanceShaders.framework/Versions/A/MetalPerformanceShaders
0x000000026fc3e000 	/System/Library/PrivateFrameworks/ProDisplayLibrary.framework/Versions/A/ProDisplayLibrary
0x00000001ac80c000 	/System/Library/PrivateFrameworks/IOSurfaceAccelerator.framework/Versions/A/IOSurfaceAccelerator
0x0000000198b89000 	/System/Library/PrivateFrameworks/IOAccelerator.framework/Versions/A/IOAccelerator
0x0000000198e98000 	/System/Library/Frameworks/CoreMedia.framework/Versions/A/CoreMedia
0x0000000192ce9000 	/System/Library/PrivateFrameworks/TCC.framework/Versions/A/TCC
0x000000019e50f000 	/System/Library/PrivateFrameworks/WatchdogClient.framework/Versions/A/WatchdogClient
0x00000001b984f000 	/usr/lib/swift/libswiftCoreAudio.dylib
0x00000001d5828000 	/usr/lib/swift/libswiftCoreMedia.dylib
0x0000000290f13000 	/usr/lib/swift/libswiftVideoToolbox.dylib
0x00000001ceb64000 	/System/Library/PrivateFrameworks/BiomeStorage.framework/Versions/A/BiomeStorage
0x000000025e15b000 	/System/Library/PrivateFrameworks/IntelligencePlatformLibrary.framework/Versions/A/IntelligencePlatformLibrary
0x000000026ea02000 	/System/Library/PrivateFrameworks/PoirotSchematizer.framework/Versions/A/PoirotSchematizer
0x00000002423af000 	/System/Library/PrivateFrameworks/BiomeSync.framework/Versions/A/BiomeSync
0x0000000241ae2000 	/System/Library/PrivateFrameworks/BiomeDSL.framework/Versions/A/BiomeDSL
0x000000026ea70000 	/System/Library/PrivateFrameworks/PoirotUDFs.framework/Versions/A/PoirotUDFs
0x0000000290fbb000 	/usr/lib/swift/libswift_DarwinFoundation2.dylib
0x0000000290fbc000 	/usr/lib/swift/libswift_DarwinFoundation3.dylib
0x00000001a7083000 	/System/Library/PrivateFrameworks/CoreTime.framework/Versions/A/CoreTime
0x000000019c3ae000 	/usr/lib/libiconv.2.dylib
0x000000019c30b000 	/usr/lib/libcharset.1.dylib
0x000000026e9c5000 	/System/Library/PrivateFrameworks/PoirotSQLite.framework/Versions/A/PoirotSQLite
0x0000000290fbd000 	/usr/lib/swift/libswift_RegexParser.dylib
0x00000002439e5000 	/System/Library/PrivateFrameworks/CascadeSets.framework/Versions/A/CascadeSets
0x00000001a0af0000 	/System/Library/PrivateFrameworks/CorePhoneNumbers.framework/Versions/A/CorePhoneNumbers
0x000000019e309000 	/System/Library/PrivateFrameworks/AppleJPEG.framework/Versions/A/AppleJPEG
0x000000019dce3000 	/usr/lib/libexpat.1.dylib
0x000000019ead4000 	/System/Library/Frameworks/ImageIO.framework/Versions/A/Resources/libPng.dylib
0x000000019eaff000 	/System/Library/Frameworks/ImageIO.framework/Versions/A/Resources/libTIFF.dylib
0x000000019ebe7000 	/System/Library/Frameworks/ImageIO.framework/Versions/A/Resources/libGIF.dylib
0x000000019e34e000 	/System/Library/Frameworks/ImageIO.framework/Versions/A/Resources/libJP2.dylib
0x000000019eb8e000 	/System/Library/Frameworks/ImageIO.framework/Versions/A/Resources/libJPEG.dylib
0x000000019eb85000 	/System/Library/Frameworks/ImageIO.framework/Versions/A/Resources/libRadiance.dylib
0x0000000253e12000 	/System/Library/PrivateFrameworks/GPUCompiler.framework/Versions/32023/Libraries/libllvm-flatbuffers.dylib
0x000000024e871000 	/System/Library/PrivateFrameworks/FramePacing.framework/Versions/A/FramePacing
0x0000000231a86000 	/System/Library/Frameworks/OpenGL.framework/Versions/A/Libraries/libCoreFSCache.dylib
0x000000024f99f000 	/System/Library/PrivateFrameworks/GPUCompiler.framework/Versions/32023/Libraries/libGPUCompilerUtils.dylib
0x00000001a6bdb000 	/System/Library/PrivateFrameworks/GraphicsServices.framework/Versions/A/GraphicsServices
0x0000000231ae5000 	/System/Library/Frameworks/OpenGL.framework/Versions/A/Libraries/libGLU.dylib
0x0000000231aa8000 	/System/Library/Frameworks/OpenGL.framework/Versions/A/Libraries/libGFXShared.dylib
0x0000000231c75000 	/System/Library/Frameworks/OpenGL.framework/Versions/A/Libraries/libGL.dylib
0x0000000231ab1000 	/System/Library/Frameworks/OpenGL.framework/Versions/A/Libraries/libGLImage.dylib
0x0000000231aa5000 	/System/Library/Frameworks/OpenGL.framework/Versions/A/Libraries/libCVMSPluginSupport.dylib
0x0000000231a8e000 	/System/Library/Frameworks/OpenGL.framework/Versions/A/Libraries/libCoreVMClient.dylib
0x000000019eb80000 	/System/Library/PrivateFrameworks/GPUWrangler.framework/Versions/A/GPUWrangler
0x000000019eb60000 	/System/Library/PrivateFrameworks/IOPresentment.framework/Versions/A/IOPresentment
0x000000019eb88000 	/System/Library/PrivateFrameworks/DSExternalDisplay.framework/Versions/A/DSExternalDisplay
0x0000000284f77000 	/System/Library/PrivateFrameworks/VideoToolboxParavirtualizationSupport.framework/Versions/A/VideoToolboxParavirtualizationSupport
0x000000019dc9a000 	/System/Library/PrivateFrameworks/AppleVA.framework/Versions/A/AppleVA
0x0000000233b10000 	/System/Library/Frameworks/ExtensionFoundation.framework/Versions/A/ExtensionFoundation
0x000000019ebed000 	/System/Library/PrivateFrameworks/CMCaptureCore.framework/Versions/A/CMCaptureCore
0x000000019df66000 	/System/Library/PrivateFrameworks/AppServerSupport.framework/Versions/A/AppServerSupport
0x00000001a08e8000 	/System/Library/PrivateFrameworks/perfdata.framework/Versions/A/perfdata
0x000000018f085000 	/System/Library/PrivateFrameworks/AudioToolboxCore.framework/Versions/A/AudioToolboxCore
0x0000000198e6e000 	/System/Library/PrivateFrameworks/caulk.framework/Versions/A/caulk
0x00000001a04e5000 	/usr/lib/libAudioStatistics.dylib
0x00000001b885c000 	/System/Library/PrivateFrameworks/SystemPolicy.framework/Versions/A/SystemPolicy
0x00000001a078d000 	/usr/lib/libSMC.dylib
0x00000001c01ab000 	/usr/lib/swift/libswiftCoreMIDI.dylib
0x00000001abafe000 	/System/Library/Frameworks/CoreMIDI.framework/Versions/A/CoreMIDI
0x000000019eaae000 	/usr/lib/libAudioToolboxUtility.dylib
0x00000001a08f6000 	/usr/lib/libperfcheck.dylib
0x000000024139d000 	/System/Library/PrivateFrameworks/AudioAnalytics.framework/Versions/A/AudioAnalytics
0x00000001df72e000 	/System/Library/Frameworks/OSLog.framework/Versions/A/OSLog
0x000000026a478000 	/System/Library/PrivateFrameworks/OSEligibility.framework/Versions/A/OSEligibility
0x0000000234ef4000 	/System/Library/Frameworks/LightweightCodeRequirements.framework/Versions/A/LightweightCodeRequirements
0x000000019dbe3000 	/System/Library/PrivateFrameworks/PlugInKit.framework/Versions/A/PlugInKit
0x000000019b4c4000 	/System/Library/PrivateFrameworks/AssertionServices.framework/Versions/A/AssertionServices
0x000000019dd08000 	/System/Library/PrivateFrameworks/IconFoundation.framework/Versions/A/IconFoundation
0x000000025ace9000 	/System/Library/PrivateFrameworks/IconRendering.framework/Versions/A/IconRendering
0x0000000271e53000 	/System/Library/PrivateFrameworks/SFSymbols.framework/Versions/A/SFSymbols
0x000000019df16000 	/System/Library/PrivateFrameworks/GraphVisualizer.framework/Versions/A/GraphVisualizer
0x000000024e77c000 	/System/Library/PrivateFrameworks/FontServices.framework/Versions/A/FontServices
0x000000019df26000 	/System/Library/PrivateFrameworks/OTSVG.framework/Versions/A/OTSVG
0x0000000196a26000 	/System/Library/Frameworks/ApplicationServices.framework/Versions/A/Frameworks/ATS.framework/Versions/A/Resources/libFontRegistry.dylib
0x00000002900f0000 	/usr/lib/libhvf.dylib
0x000000026b104000 	/System/Library/PrivateFrameworks/ParsingInternal.framework/Versions/A/ParsingInternal
0x000000024e780000 	/System/Library/PrivateFrameworks/FontServices.framework/libXTFontStaticRegistryData.dylib
0x0000000199e8a000 	/System/Library/Frameworks/MetalPerformanceShaders.framework/Versions/A/Frameworks/MPSCore.framework/Versions/A/MPSCore
0x000000019bc94000 	/System/Library/Frameworks/MetalPerformanceShaders.framework/Versions/A/Frameworks/MPSImage.framework/Versions/A/MPSImage
0x000000019b653000 	/System/Library/Frameworks/MetalPerformanceShaders.framework/Versions/A/Frameworks/MPSNeuralNetwork.framework/Versions/A/MPSNeuralNetwork
0x000000019ba92000 	/System/Library/Frameworks/MetalPerformanceShaders.framework/Versions/A/Frameworks/MPSMatrix.framework/Versions/A/MPSMatrix
0x000000019b8aa000 	/System/Library/Frameworks/MetalPerformanceShaders.framework/Versions/A/Frameworks/MPSRayIntersector.framework/Versions/A/MPSRayIntersector
0x000000019bac4000 	/System/Library/Frameworks/MetalPerformanceShaders.framework/Versions/A/Frameworks/MPSNDArray.framework/Versions/A/MPSNDArray
0x0000000235d79000 	/System/Library/Frameworks/MetalPerformanceShaders.framework/Versions/A/Frameworks/MPSFunctions.framework/Versions/A/MPSFunctions
0x0000000235d5a000 	/System/Library/Frameworks/MetalPerformanceShaders.framework/Versions/A/Frameworks/MPSBenchmarkLoop.framework/Versions/A/MPSBenchmarkLoop
0x0000000235d8d000 	/System/Library/Frameworks/MetalPerformanceShaders.framework/Versions/A/Frameworks/MPSHost.framework/Versions/A/MPSHost
0x000000018cddf000 	/System/Library/PrivateFrameworks/MetalTools.framework/Versions/A/MetalTools
0x00000001beae8000 	/System/Library/PrivateFrameworks/IOAccelMemoryInfo.framework/Versions/A/IOAccelMemoryInfo
0x00000001ccffc000 	/System/Library/PrivateFrameworks/kperf.framework/Versions/A/kperf
0x00000001b984b000 	/System/Library/PrivateFrameworks/GPURawCounter.framework/Versions/A/GPURawCounter
0x00000001aa87b000 	/System/Library/PrivateFrameworks/ASEProcessing.framework/Versions/A/ASEProcessing
0x00000001db0e1000 	/System/Library/PrivateFrameworks/Symbolication.framework/Versions/A/Symbolication
0x000000026e5b1000 	/System/Library/PrivateFrameworks/PhotosensitivityProcessing.framework/Versions/A/PhotosensitivityProcessing
0x0000000271ed9000 	/System/Library/PrivateFrameworks/SILManager.framework/Versions/A/SILManager
0x00000001a6f26000 	/System/Library/PrivateFrameworks/CoreSymbolication.framework/Versions/A/CoreSymbolication
0x00000001b97c0000 	/System/Library/PrivateFrameworks/MallocStackLogging.framework/Versions/A/MallocStackLogging
0x00000001a6f04000 	/System/Library/PrivateFrameworks/DebugSymbols.framework/Versions/A/DebugSymbols
0x00000001cb76f000 	/System/Library/PrivateFrameworks/OSAnalytics.framework/Versions/A/OSAnalytics
0x000000024c4de000 	/System/Library/PrivateFrameworks/DeviceRecovery.framework/Versions/A/DeviceRecovery
0x0000000280807000 	/System/Library/PrivateFrameworks/Tightbeam.framework/Versions/A/Tightbeam
0x00000001d1e34000 	/System/Library/PrivateFrameworks/AFKUser.framework/Versions/A/AFKUser
0x000000019c102000 	/System/Library/Frameworks/UserNotifications.framework/Versions/A/UserNotifications
0x00000001bf27d000 	/System/Library/PrivateFrameworks/SiriInstrumentation.framework/Versions/A/SiriInstrumentation
0x0000000274334000 	/System/Library/PrivateFrameworks/SiriAnalytics.framework/Versions/A/SiriAnalytics
0x00000001bc9e5000 	/System/Library/PrivateFrameworks/FeedbackLogger.framework/Versions/A/FeedbackLogger
0x00000001d7274000 	/usr/lib/swift/libswiftAVFoundation.dylib
0x000000028302f000 	/System/Library/PrivateFrameworks/UnifiedAssetFramework.framework/Versions/A/UnifiedAssetFramework
0x00000001a0464000 	/System/Library/PrivateFrameworks/AudioSession.framework/Versions/A/AudioSession
0x000000019de27000 	/System/Library/PrivateFrameworks/MediaExperience.framework/Versions/A/MediaExperience
0x00000001a0239000 	/System/Library/PrivateFrameworks/AudioSession.framework/libSessionUtility.dylib
0x00000001a5ab1000 	/System/Library/Frameworks/CoreBluetooth.framework/Versions/A/CoreBluetooth
0x000000019b337000 	/System/Library/PrivateFrameworks/CoreUtils.framework/Versions/A/CoreUtils
0x00000001b16cb000 	/System/Library/PrivateFrameworks/HID.framework/Versions/A/HID
0x000000024b3f7000 	/System/Library/PrivateFrameworks/CoreUtilsExtras.framework/Versions/A/CoreUtilsExtras
0x000000025ac3e000 	/System/Library/PrivateFrameworks/IO80211.framework/Versions/A/IO80211
0x00000001a2427000 	/System/Library/Frameworks/IOBluetooth.framework/Versions/A/IOBluetooth
0x0000000290dc8000 	/usr/lib/swift/libswiftRegexBuilder.dylib
0x000000019da83000 	/usr/lib/libIOReport.dylib
0x00000001e7c8e000 	/System/Library/PrivateFrameworks/WiFiPeerToPeer.framework/Versions/A/WiFiPeerToPeer
0x000000019b4d3000 	/System/Library/Frameworks/SecurityFoundation.framework/Versions/A/SecurityFoundation
0x0000000243a99000 	/System/Library/PrivateFrameworks/Centauri.framework/Versions/A/Centauri
0x000000018d7c3000 	/System/Library/PrivateFrameworks/Lexicon.framework/Versions/A/Lexicon
0x0000000290540000 	/usr/lib/libmrc.dylib
0x000000025aca9000 	/System/Library/PrivateFrameworks/IPConfiguration.framework/Versions/A/IPConfiguration
0x00000001db8b8000 	/System/Library/PrivateFrameworks/Netrb.framework/Versions/A/Netrb
0x000000019b63c000 	/usr/lib/libgermantok.dylib
0x000000019a079000 	/System/Library/PrivateFrameworks/LinguisticData.framework/Versions/A/LinguisticData
0x00000001a5cba000 	/System/Library/PrivateFrameworks/MediaKit.framework/Versions/A/MediaKit
0x00000001a5c08000 	/System/Library/Frameworks/DiscRecording.framework/Versions/A/DiscRecording
0x000000019dcfe000 	/usr/lib/libheimdal-asn1.dylib
0x00000001a96e3000 	/System/Library/Frameworks/AudioUnit.framework/Versions/A/AudioUnit
0x0000000196d3e000 	/System/Library/Frameworks/OpenDirectory.framework/Versions/A/OpenDirectory
0x0000000196d4c000 	/System/Library/Frameworks/OpenDirectory.framework/Versions/A/Frameworks/CFOpenDirectory.framework/Versions/A/CFOpenDirectory
0x00000001a27cf000 	/System/Library/PrivateFrameworks/GeoServices.framework/Versions/A/GeoServices
0x00000001a01ff000 	/System/Library/PrivateFrameworks/LocationSupport.framework/Versions/A/LocationSupport
0x0000000257965000 	/System/Library/PrivateFrameworks/GeoServicesCore.framework/Versions/A/GeoServicesCore
0x00000001b25cf000 	/System/Library/PrivateFrameworks/PhoneNumbers.framework/Versions/A/PhoneNumbers
0x00000002600ed000 	/System/Library/PrivateFrameworks/LocationLogEncryption.framework/Versions/A/LocationLogEncryption
0x0000000232001000 	/System/Library/Frameworks/AVFAudio.framework/Versions/A/AVFAudio
0x0000000232145000 	/System/Library/Frameworks/AVRouting.framework/Versions/A/AVRouting
0x00000001b26e7000 	/usr/lib/libAccessibility.dylib
0x000000025ead7000 	/System/Library/PrivateFrameworks/IsolatedCoreAudioClient.framework/Versions/A/IsolatedCoreAudioClient
0x000000024722f000 	/System/Library/PrivateFrameworks/CoreAudioOrchestration.framework/Versions/A/CoreAudioOrchestration
0x000000019f0d5000 	/System/Library/Frameworks/MediaToolbox.framework/Versions/A/MediaToolbox
0x00000001a5de0000 	/System/Library/PrivateFrameworks/CoreAVCHD.framework/Versions/A/CoreAVCHD
0x00000001a4d0f000 	/System/Library/Frameworks/MediaAccessibility.framework/Versions/A/MediaAccessibility
0x00000001a5ddc000 	/System/Library/PrivateFrameworks/Mangrove.framework/Versions/A/Mangrove
0x00000002430d5000 	/System/Library/PrivateFrameworks/CMPhoto.framework/Versions/A/CMPhoto
0x00000001a65a9000 	/System/Library/Frameworks/CoreTelephony.framework/Versions/A/CoreTelephony
0x00000001a5dcf000 	/System/Library/PrivateFrameworks/CoreAUC.framework/Versions/A/CoreAUC
0x0000000240246000 	/System/Library/PrivateFrameworks/AppleJPEGXL.framework/Versions/A/AppleJPEGXL
0x00000001a0b00000 	/usr/lib/libTelephonyUtilDynamic.dylib
0x00000001e2820000 	/System/Library/Frameworks/CryptoKit.framework/Versions/A/CryptoKit
0x00000001a96de000 	/System/Library/PrivateFrameworks/CryptoKitCBridging.framework/Versions/A/CryptoKitCBridging
0x00000001a6bed000 	/System/Library/Frameworks/CryptoTokenKit.framework/Versions/A/CryptoTokenKit
0x000000024bf4f000 	/System/Library/PrivateFrameworks/Dendrite.framework/Versions/A/Dendrite
0x00000001b93f3000 	/System/Library/Frameworks/NaturalLanguage.framework/Versions/A/NaturalLanguage
0x00000001e7c16000 	/usr/lib/swift/libswiftNaturalLanguage.dylib
0x0000000240dbc000 	/System/Library/PrivateFrameworks/AppleMobileFileIntegrity.framework/Versions/A/AppleMobileFileIntegrity
0x000000028f69f000 	/usr/lib/libTLE.dylib
0x00000001b97f2000 	/usr/lib/libmis.dylib
0x00000001f131d000 	/System/Library/PrivateFrameworks/ConfigProfileHelper.framework/Versions/A/ConfigProfileHelper
0x00000001a986d000 	/System/Library/PrivateFrameworks/Espresso.framework/Versions/A/Espresso
0x00000001974cd000 	/System/Library/Frameworks/CoreML.framework/Versions/A/CoreML
0x00000001e5ad3000 	/usr/lib/libedit.3.dylib
0x000000022ee10000 	/System/Library/PrivateFrameworks/ANECompiler.framework/Versions/A/ANECompiler
0x00000001ab942000 	/System/Library/PrivateFrameworks/AppleNeuralEngine.framework/Versions/A/AppleNeuralEngine
0x000000026020b000 	/System/Library/PrivateFrameworks/MIL.framework/Versions/A/MIL
0x0000000235d93000 	/System/Library/Frameworks/MetalPerformanceShadersGraph.framework/Versions/A/MetalPerformanceShadersGraph
0x000000026097a000 	/System/Library/PrivateFrameworks/MLCompilerServices.framework/Versions/A/MLCompilerServices
0x00000001aa6bf000 	/System/Library/PrivateFrameworks/ANEServices.framework/Versions/A/ANEServices
0x00000001beaab000 	/usr/lib/libncurses.5.4.dylib
0x000000019097a000 	/usr/lib/libsandbox.1.dylib
0x000000019dc24000 	/usr/lib/libMatch.1.dylib
0x000000026a1fa000 	/System/Library/PrivateFrameworks/ODIE.framework/Versions/A/ODIE
0x0000000263607000 	/System/Library/PrivateFrameworks/MLModelAsset.framework/Versions/A/MLModelAsset
0x0000000260920000 	/System/Library/PrivateFrameworks/MLCompilerRuntime.framework/Versions/A/MLCompilerRuntime
0x000000019b8ff000 	/System/Library/Frameworks/MLCompute.framework/Versions/A/MLCompute
0x00000002608a2000 	/System/Library/PrivateFrameworks/MLAssetIO.framework/Versions/A/MLAssetIO
0x0000000290d9a000 	/usr/lib/swift/libswiftMLCompute.dylib
0x00000001a67c4000 	/System/Library/PrivateFrameworks/AVFCore.framework/Versions/A/AVFCore
0x00000001affe9000 	/System/Library/PrivateFrameworks/AVFCapture.framework/Versions/A/AVFCapture
0x0000000242ecc000 	/System/Library/PrivateFrameworks/CMImaging.framework/Versions/A/CMImaging
0x00000001b022b000 	/System/Library/PrivateFrameworks/Quagga.framework/Versions/A/Quagga
0x00000001b035c000 	/System/Library/PrivateFrameworks/CMCapture.framework/Versions/A/CMCapture
0x00000001a068a000 	/System/Library/Frameworks/CoreMediaIO.framework/Versions/A/CoreMediaIO
0x0000000242e07000 	/System/Library/PrivateFrameworks/CMCaptureDevice.framework/Versions/A/CMCaptureDevice
0x000000019e05f000 	/System/Library/PrivateFrameworks/CoreBrightness.framework/Versions/A/CoreBrightness
0x0000000243f90000 	/System/Library/PrivateFrameworks/CinematicFraming.framework/Versions/A/CinematicFraming
0x00000002666e2000 	/System/Library/PrivateFrameworks/ModelManagerServices.framework/Versions/A/ModelManagerServices
0x00000001d42de000 	/System/Library/PrivateFrameworks/CPMS.framework/Versions/A/CPMS
0x000000027df2f000 	/System/Library/PrivateFrameworks/SystemStatus.framework/Versions/A/SystemStatus
0x00000001b8231000 	/System/Library/Frameworks/CoreMotion.framework/Versions/A/CoreMotion
0x00000001c87fe000 	/System/Library/PrivateFrameworks/TimeSync.framework/Versions/A/TimeSync
0x000000024c915000 	/System/Library/PrivateFrameworks/DistributedSensing.framework/Versions/A/DistributedSensing
0x00000001c3bf3000 	/System/Library/PrivateFrameworks/MobileBluetooth.framework/Versions/A/MobileBluetooth
0x00000001ca4bc000 	/System/Library/PrivateFrameworks/IOKitten.framework/Versions/A/IOKitten
0x00000002400c0000 	/System/Library/PrivateFrameworks/AppleIntelligenceReporting.framework/Versions/A/AppleIntelligenceReporting
0x000000019b246000 	/System/Library/PrivateFrameworks/CoreEmoji.framework/Versions/A/CoreEmoji
0x000000018dad5000 	/usr/lib/libCRFSuite.dylib
0x000000018edb5000 	/System/Library/PrivateFrameworks/LanguageModeling.framework/Versions/A/LanguageModeling
0x0000000199f59000 	/System/Library/PrivateFrameworks/CoreNLP.framework/Versions/A/CoreNLP
0x0000000193d2b000 	/System/Library/PrivateFrameworks/Montreal.framework/Versions/A/Montreal
0x000000019c3b6000 	/usr/lib/libcmph.dylib
0x000000019b5dd000 	/usr/lib/libmecab.dylib
0x000000019c527000 	/usr/lib/libThaiTokenizer.dylib
0x000000025774a000 	/System/Library/PrivateFrameworks/GenerativeModelsFoundation.framework/Versions/A/GenerativeModelsFoundation
0x0000000280d0c000 	/System/Library/PrivateFrameworks/TokenGeneration.framework/Versions/A/TokenGeneration
0x000000025751e000 	/System/Library/PrivateFrameworks/GenerativeFunctions.framework/Versions/A/GenerativeFunctions
0x000000025756c000 	/System/Library/PrivateFrameworks/GenerativeFunctionsFoundation.framework/Versions/A/GenerativeFunctionsFoundation
0x00000002663a8000 	/System/Library/PrivateFrameworks/ModelCatalog.framework/Versions/A/ModelCatalog
0x000000027354e000 	/System/Library/PrivateFrameworks/SensitiveContentAnalysisML.framework/Versions/A/SensitiveContentAnalysisML
0x0000000257602000 	/System/Library/PrivateFrameworks/GenerativeFunctionsInstrumentation.framework/Versions/A/GenerativeFunctionsInstrumentation
0x00000002703c6000 	/System/Library/PrivateFrameworks/PromptKit.framework/Versions/A/PromptKit
0x000000026fddd000 	/System/Library/PrivateFrameworks/ProactiveDaemonSupport.framework/Versions/A/ProactiveDaemonSupport
0x0000000280f44000 	/System/Library/PrivateFrameworks/TokenGenerationCore.framework/Versions/A/TokenGenerationCore
0x00000001ba2be000 	/System/Library/PrivateFrameworks/Trial.framework/Versions/A/Trial
0x00000001ba23f000 	/System/Library/PrivateFrameworks/TrialProto.framework/Versions/A/TrialProto
0x000000023fcec000 	/System/Library/PrivateFrameworks/AppleFlatBuffers.framework/Versions/A/AppleFlatBuffers
0x000000027381e000 	/System/Library/PrivateFrameworks/SentencePieceInternal.framework/Versions/A/SentencePieceInternal
0x00000001a4d69000 	/System/Library/Frameworks/Vision.framework/Versions/A/Vision
0x000000024b0d9000 	/System/Library/PrivateFrameworks/CoreSceneUnderstanding.framework/Versions/A/CoreSceneUnderstanding
0x0000000285b84000 	/System/Library/PrivateFrameworks/VisionCore.framework/Versions/A/VisionCore
0x00000001c2b81000 	/System/Library/Frameworks/Vision.framework/libfaceCore.dylib
0x00000001c369b000 	/System/Library/PrivateFrameworks/Futhark.framework/Versions/A/Futhark
0x00000001c75db000 	/System/Library/PrivateFrameworks/InertiaCam.framework/Versions/A/InertiaCam
0x00000001c3428000 	/System/Library/PrivateFrameworks/TextRecognition.framework/Versions/A/TextRecognition
0x000000019dac1000 	/System/Library/PrivateFrameworks/CVNLP.framework/Versions/A/CVNLP
0x00000001dfc17000 	/System/Library/PrivateFrameworks/HIDDisplay.framework/Versions/A/HIDDisplay
0x000000019ebb9000 	/System/Library/Frameworks/ApplicationServices.framework/Versions/A/Frameworks/ATSUI.framework/Versions/A/ATSUI
0x00000001a086e000 	/usr/lib/libcups.2.dylib
0x00000001a0904000 	/System/Library/Frameworks/Kerberos.framework/Versions/A/Kerberos
0x00000001a0575000 	/usr/lib/libresolv.9.dylib
0x000000019df7a000 	/System/Library/PrivateFrameworks/Heimdal.framework/Versions/A/Heimdal
0x00000001a96e2000 	/System/Library/Frameworks/Kerberos.framework/Versions/A/Libraries/libHeimdalProxy.dylib
0x00000001a0968000 	/System/Library/PrivateFrameworks/CommonAuth.framework/Versions/A/CommonAuth
0x00000001b25db000 	/System/Library/PrivateFrameworks/AXCoreUtilities.framework/Versions/A/AXCoreUtilities
0x000000028f1a0000 	/usr/lib/libAXSafeCategoryBundle.dylib
0x000000023a11e000 	/System/Library/Frameworks/TabularData.framework/Versions/A/TabularData
0x0000000240f6c000 	/System/Library/PrivateFrameworks/ArgumentParserInternal.framework/Versions/A/ArgumentParserInternal
0x000000019b108000 	/System/Library/Frameworks/Accelerate.framework/Versions/A/Frameworks/vecLib.framework/Versions/A/libvDSP.dylib
0x000000019c676000 	/System/Library/Frameworks/Accelerate.framework/Versions/A/Frameworks/vecLib.framework/Versions/A/libLAPACK.dylib
0x000000019b63f000 	/System/Library/Frameworks/Accelerate.framework/Versions/A/Frameworks/vecLib.framework/Versions/A/libLinearAlgebra.dylib
0x000000019c56d000 	/System/Library/Frameworks/Accelerate.framework/Versions/A/Frameworks/vecLib.framework/Versions/A/libSparseBLAS.dylib
0x000000019c671000 	/System/Library/Frameworks/Accelerate.framework/Versions/A/Frameworks/vecLib.framework/Versions/A/libQuadrature.dylib
0x000000019a080000 	/System/Library/Frameworks/Accelerate.framework/Versions/A/Frameworks/vecLib.framework/Versions/A/libBNNS.dylib
0x000000018d8d3000 	/System/Library/Frameworks/Accelerate.framework/Versions/A/Frameworks/vecLib.framework/Versions/A/libSparse.dylib
0x00000001a08cd000 	/System/Library/PrivateFrameworks/NetAuth.framework/Versions/A/NetAuth
0x0000000196f62000 	/System/Library/PrivateFrameworks/login.framework/Versions/A/Frameworks/loginsupport.framework/Versions/A/loginsupport
0x000000019b5a7000 	/usr/lib/libCheckFix.dylib
0x00000001960e8000 	/System/Library/PrivateFrameworks/MetadataUtilities.framework/Versions/A/MetadataUtilities
0x000000025b730000 	/System/Library/PrivateFrameworks/InstalledContentLibrary.framework/Versions/A/InstalledContentLibrary
0x000000019083e000 	/System/Library/PrivateFrameworks/CoreServicesStore.framework/Versions/A/CoreServicesStore
0x00000001cd113000 	/System/Library/PrivateFrameworks/MobileSystemServices.framework/Versions/A/MobileSystemServices
0x000000019d946000 	/usr/lib/libxslt.1.dylib
0x000000019b566000 	/System/Library/PrivateFrameworks/BackgroundTaskManagement.framework/Versions/A/BackgroundTaskManagement
0x00000001a8d74000 	/usr/lib/libcurl.4.dylib
0x000000028fea4000 	/usr/lib/libcrypto.46.dylib
0x0000000290a43000 	/usr/lib/libssl.48.dylib
0x00000001a8a4e000 	/System/Library/Frameworks/LDAP.framework/Versions/A/LDAP
0x00000001a8a8a000 	/System/Library/PrivateFrameworks/TrustEvaluationAgent.framework/Versions/A/TrustEvaluationAgent
0x00000001a0592000 	/usr/lib/libsasl2.2.dylib
0x00000001b6704000 	/usr/lib/swift/libswiftCoreGraphics.dylib
0x00000001a5403000 	/usr/lib/swift/libswiftFoundation.dylib
0x00000001f0cc1000 	/usr/lib/swift/libswiftSwiftOnoneSupport.dylib
0x00000002910f1000 	/usr/lib/swift/libswiftsys_time.dylib
0x00000001db8f6000 	/System/Library/PrivateFrameworks/CoreMaterial.framework/Versions/A/CoreMaterial
0x000000028f69c000 	/usr/lib/libSpatial.dylib
0x000000028f0bd000 	/System/Library/SubFrameworks/UIUtilities.framework/Versions/A/UIUtilities
0x0000000109e5c000 	/Users/stephan/.gradle/caches/9.6.1/transforms/dc67bb6db46d49a62c982698aa2bb43c/transformed/idea-2025.3.3-aarch64/jbr/Contents/Home/lib/server/libjvm.dylib
0x000000010429c000 	/Users/stephan/.gradle/caches/9.6.1/transforms/dc67bb6db46d49a62c982698aa2bb43c/transformed/idea-2025.3.3-aarch64/jbr/Contents/Home/lib/libjimage.dylib
0x00000001042c8000 	/Users/stephan/.gradle/caches/9.6.1/transforms/dc67bb6db46d49a62c982698aa2bb43c/transformed/idea-2025.3.3-aarch64/jbr/Contents/Home/lib/libinstrument.dylib
0x0000000104310000 	/Users/stephan/.gradle/caches/9.6.1/transforms/dc67bb6db46d49a62c982698aa2bb43c/transformed/idea-2025.3.3-aarch64/jbr/Contents/Home/lib/libjava.dylib
0x0000000104380000 	/Users/stephan/.gradle/caches/9.6.1/transforms/dc67bb6db46d49a62c982698aa2bb43c/transformed/idea-2025.3.3-aarch64/jbr/Contents/Home/lib/libzip.dylib
0x000000010459c000 	/Users/stephan/.gradle/caches/9.6.1/transforms/dc67bb6db46d49a62c982698aa2bb43c/transformed/idea-2025.3.3-aarch64/jbr/Contents/Home/lib/libnio.dylib
0x0000000109540000 	/Users/stephan/.gradle/caches/9.6.1/transforms/dc67bb6db46d49a62c982698aa2bb43c/transformed/idea-2025.3.3-aarch64/jbr/Contents/Home/lib/libnet.dylib

JVMTI agents:
/Users/stephan/IdeaProjects/DevoxxGenieIDEAPlugin/.intellijPlatform/coroutines-javaagent.jar path:none, loaded, not initialized, instrumentlib options:none
/Users/stephan/IdeaProjects/DevoxxGenieIDEAPlugin/build/tmp/.cache/expanded/zip_27729b840c216bdc69a9315e04b27ab1/jacocoagent.jar path:none, loaded, not initialized, instrumentlib options:destfile=build/jacoco/test.exec,append=true,includes=com.devoxx.genie.*,excludes=jdk.internal.*,inclnolocationclasses=true,dumponexit=true,output=file,jmx=false


VM Arguments:
jvm_args: -Daether.connector.resumeDownloads=false -Dapple.awt.application.appearance=system -Dcompose.swing.render.on.graphics=true -Didea.classpath.index.enabled=false -Didea.config.path=/Users/stephan/IdeaProjects/DevoxxGenieIDEAPlugin/.intellijPlatform/sandbox/DevoxxGenie/IU-2025.3.3/config-test -Didea.force.use.core.classloader=true -Didea.home.path=/Users/stephan/IdeaProjects/DevoxxGenieIDEAPlugin/build/idea-sandbox -Didea.log.path=/Users/stephan/IdeaProjects/DevoxxGenieIDEAPlugin/.intellijPlatform/sandbox/DevoxxGenie/IU-2025.3.3/log-test -Didea.paths.selector=IntelliJIdea2025.3 -Didea.plugins.path=/Users/stephan/IdeaProjects/DevoxxGenieIDEAPlugin/.intellijPlatform/sandbox/DevoxxGenie/IU-2025.3.3/plugins-test -Didea.system.path=/Users/stephan/IdeaProjects/DevoxxGenieIDEAPlugin/.intellijPlatform/sandbox/DevoxxGenie/IU-2025.3.3/system-test -Didea.use.core.classloader.for.plugin.path=true -Didea.vendor.name=JetBrains -Dintellij.platform.runtime.repository.path=/Users/stephan/.gradle/caches/9.6.1/transforms/dc67bb6db46d49a62c982698aa2bb43c/transformed/idea-2025.3.3-aarch64/modules/module-descriptors.dat -Dintellij.testFramework.rethrow.logged.errors=true -Dio.netty.allocator.type=pooled -Djava.nio.file.spi.DefaultFileSystemProvider=com.intellij.platform.core.nio.fs.MultiRoutingFileSystemProvider -Djava.system.class.loader=com.intellij.util.lang.PathClassLoader -Djava.util.zip.use.nio.for.zip.file.access=true -Djbr.catch.SIGABRT=true -Djdk.attach.allowAttachSelf=true -Djdk.http.auth.tunneling.disabledSchemes="" -Djdk.module.illegalAccess.silent=true -Djdk.nio.maxCachedBufferSize=2097152 -Djna.boot.library.path=/Users/stephan/.gradle/caches/9.6.1/transforms/dc67bb6db46d49a62c982698aa2bb43c/transformed/idea-2025.3.3-aarch64/lib/jna/aarch64 -Djna.noclasspath=true -Djna.nosys=true -Dorg.gradle.internal.worker.tmpdir=/Users/stephan/IdeaProjects/DevoxxGenieIDEAPlugin/build/tmp/test/work -Dplugin.path=/Users/stephan/IdeaProjects/DevoxxGenieIDEAPlugin/.intellijPlatform/sandbox/DevoxxGenie/IU-2025.3.3/plugins-test/DevoxxGenie -Dpty4j.preferred.native.folder=/Users/stephan/.gradle/caches/9.6.1/transforms/dc67bb6db46d49a62c982698aa2bb43c/transformed/idea-2025.3.3-aarch64/lib/pty4j -Drider.tests.plugin.home.path=/Users/stephan/IdeaProjects/DevoxxGenieIDEAPlugin -Dskiko.library.path=/Users/stephan/.gradle/caches/9.6.1/transforms/dc67bb6db46d49a62c982698aa2bb43c/transformed/idea-2025.3.3-aarch64/lib/skiko-awt-runtime-all -Dsplash=true -Dsun.io.useCanonCaches=false -Dsun.java2d.metal=true -XX:JbrShrinkingGcMaxHeapFreeRatio=40 -XX:ReservedCodeCacheSize=512m -XX:+HeapDumpOnOutOfMemoryError -XX:-OmitStackTraceInFastThrow -XX:CICompilerCount=2 -XX:+IgnoreUnrecognizedVMOptions -XX:+UnlockDiagnosticVMOptions -XX:TieredOldPercentage=100000 -Xbootclasspath/a:/Users/stephan/.gradle/caches/9.6.1/transforms/dc67bb6db46d49a62c982698aa2bb43c/transformed/idea-2025.3.3-aarch64/lib/nio-fs.jar --add-opens=java.base/java.io=ALL-UNNAMED --add-opens=java.base/java.lang=ALL-UNNAMED --add-opens=java.base/java.lang.ref=ALL-UNNAMED --add-opens=java.base/java.lang.reflect=ALL-UNNAMED --add-opens=java.base/java.net=ALL-UNNAMED --add-opens=java.base/java.nio=ALL-UNNAMED --add-opens=java.base/java.nio.charset=ALL-UNNAMED --add-opens=java.base/java.text=ALL-UNNAMED --add-opens=java.base/java.time=ALL-UNNAMED --add-opens=java.base/java.util=ALL-UNNAMED --add-opens=java.base/java.util.concurrent=ALL-UNNAMED --add-opens=java.base/java.util.concurrent.atomic=ALL-UNNAMED --add-opens=java.base/java.util.concurrent.locks=ALL-UNNAMED --add-opens=java.base/jdk.internal.ref=ALL-UNNAMED --add-opens=java.base/jdk.internal.vm=ALL-UNNAMED --add-opens=java.base/sun.net.dns=ALL-UNNAMED --add-opens=java.base/sun.nio=ALL-UNNAMED --add-opens=java.base/sun.nio.ch=ALL-UNNAMED --add-opens=java.base/sun.nio.fs=ALL-UNNAMED --add-opens=java.base/sun.security.ssl=ALL-UNNAMED --add-opens=java.base/sun.security.util=ALL-UNNAMED --add-opens=java.desktop/com.apple.eawt=ALL-UNNAMED --add-opens=java.desktop/com.apple.eawt.event=ALL-UNNAMED --add-opens=java.desktop/com.apple.laf=ALL-UNNAMED --add-opens=java.desktop/com.sun.java.swing=ALL-UNNAMED --add-opens=java.desktop/java.awt=ALL-UNNAMED --add-opens=java.desktop/java.awt.dnd.peer=ALL-UNNAMED --add-opens=java.desktop/java.awt.event=ALL-UNNAMED --add-opens=java.desktop/java.awt.font=ALL-UNNAMED --add-opens=java.desktop/java.awt.image=ALL-UNNAMED --add-opens=java.desktop/java.awt.peer=ALL-UNNAMED --add-opens=java.desktop/javax.swing=ALL-UNNAMED --add-opens=java.desktop/javax.swing.plaf.basic=ALL-UNNAMED --add-opens=java.desktop/javax.swing.text=ALL-UNNAMED --add-opens=java.desktop/javax.swing.text.html=ALL-UNNAMED --add-opens=java.desktop/javax.swing.text.html.parser=ALL-UNNAMED --add-opens=java.desktop/sun.awt=ALL-UNNAMED --add-opens=java.desktop/sun.awt.datatransfer=ALL-UNNAMED --add-opens=java.desktop/sun.awt.image=ALL-UNNAMED --add-opens=java.desktop/sun.font=ALL-UNNAMED --add-opens=java.desktop/sun.java2d=ALL-UNNAMED --add-opens=java.desktop/sun.lwawt=ALL-UNNAMED --add-opens=java.desktop/sun.lwawt.macosx=ALL-UNNAMED --add-opens=java.desktop/sun.swing=ALL-UNNAMED --add-opens=java.management/sun.management=ALL-UNNAMED --add-opens=jdk.attach/sun.tools.attach=ALL-UNNAMED --add-opens=jdk.compiler/com.sun.tools.javac.api=ALL-UNNAMED --add-opens=jdk.internal.jvmstat/sun.jvmstat.monitor=ALL-UNNAMED --add-opens=jdk.jdi/com.sun.tools.jdi=ALL-UNNAMED -javaagent:/Users/stephan/IdeaProjects/DevoxxGenieIDEAPlugin/.intellijPlatform/coroutines-javaagent.jar -javaagent:/Users/stephan/IdeaProjects/DevoxxGenieIDEAPlugin/build/tmp/.cache/expanded/zip_27729b840c216bdc69a9315e04b27ab1/jacocoagent.jar=destfile=build/jacoco/test.exec,append=true,includes=com.devoxx.genie.*,excludes=jdk.internal.*,inclnolocationclasses=true,dumponexit=true,output=file,jmx=false -Xms128m -Xmx1g -Dfile.encoding=UTF-8 -Djava.io.tmpdir=/tmp/test -Duser.country=BE -Duser.language=en -Duser.variant -ea 
java_command: worker.org.gradle.process.internal.worker.GradleWorkerMain 'Gradle Test Executor 282'
java_class_path (initial): /Users/stephan/.gradle/caches/9.6.1/workerMain/gradle-worker.jar:/Users/stephan/IdeaProjects/DevoxxGenieIDEAPlugin/.intellijPlatform/sandbox/DevoxxGenie/IU-2025.3.3/plugins-test/DevoxxGenie/lib/netty-all-4.2.16.Final.jar:/Users/stephan/IdeaProjects/DevoxxGenieIDEAPlugin/.intellijPlatform/sandbox/DevoxxGenie/IU-2025.3.3/plugins-test/DevoxxGenie/lib/bcprov-jdk18on-1.82.jar:/Users/stephan/IdeaProjects/DevoxxGenieIDEAPlugin/.intellijPlatform/sandbox/DevoxxGenie/IU-2025.3.3/plugins-test/DevoxxGenie/lib/netty-codec-smtp-4.2.16.Final.jar:/Users/stephan/IdeaProjects/DevoxxGenieIDEAPlugin/.intellijPlatform/sandbox/DevoxxGenie/IU-2025.3.3/plugins-test/DevoxxGenie/lib/netty-codec-classes-quic-4.2.16.Final.jar:/Users/stephan/IdeaProjects/DevoxxGenieIDEAPlugin/.intellijPlatform/sandbox/DevoxxGenie/IU-2025.3.3/plugins-test/DevoxxGenie/lib/httpcore-4.4.16.jar:/Users/stephan/IdeaProjects/DevoxxGenieIDEAPlugin/.intellijPlatform/sandbox/DevoxxGenie/IU-2025.3.3/plugins-test/DevoxxGenie/lib/netty-codec-marshalling-4.2.16.Final.jar:/Users/stephan/IdeaProjects/DevoxxGenieIDEAPlugin/.intellijPlatform/sandbox/DevoxxGenie/IU-2025.3.3/plugins-test/DevoxxGenie/lib/retries-2.49.5.jar:/Users/stephan/IdeaProjects/DevoxxGenieIDEAPlugin/.intellijPlatform/sandbox/DevoxxGenie/IU-2025.3.3/plugins-test/DevoxxGenie/lib/commons-logging-1.2.jar:/Users/stephan/IdeaProjects/DevoxxGenieIDEAPlugin/.intellijPlatform/sandbox/DevoxxGenie/IU-2025.3.3/plugins-test/DevoxxGenie/lib/checksums-2.49.5.jar:/Users/stephan/IdeaProjects/DevoxxGenieIDEAPlugin/.intellijPlatform/sandbox/DevoxxGenie/IU-2025.3.3/plugins-test/DevoxxGenie/lib/gson-2.13.1.jar:/Users/stephan/IdeaProjects/DevoxxGenieIDEAPlugin/.intellijPlatform/sandbox/DevoxxGenie/IU-2025.3.3/plugins-test/DevoxxGenie/lib/netty-handler-proxy-4.2.16.Final.jar:/Users/stephan/IdeaProjects/DevoxxGenieIDEAPlugin/.intellijPlatform/sandbox/DevoxxGenie/IU-2025.3.3/plugins-test/DevoxxGenie/lib/kotlinx-serialization-core-jvm-1.7.1.jar:/Users/stephan/IdeaProjects/DevoxxGenieIDEAPlugin/.intellijPlatform/sandbox/DevoxxGenie/IU-2025.3.3/plugins-test/DevoxxGenie/lib/netty-transport-rxtx-4.2.16.Final.jar:/Users/stephan/IdeaProjects/DevoxxGenieIDEAPlugin/.intellijPlatform/sandbox/DevoxxGenie/IU-2025.3.3/plugins-test/DevoxxGenie/lib/aws-core-2.49.5.jar:/Users/stephan/IdeaProjects/DevoxxGenieIDEAPlugin/.intellijPlatform/sandbox/DevoxxGenie/IU-2025.3.3/plugins-test/DevoxxGenie/lib/netty-transport-native-io_uring-4.2.16.Final-linux-x86_64.jar:/Users/stephan/IdeaProjects/DevoxxGenieIDEAPlugin/.intellijPlatform/sandbox/DevoxxGenie/IU-2025.3.3/plugins-test/DevoxxGenie/lib/netty-transport-native-epoll-4.2.16.Final-linux-aarch_64.jar:/Users/stephan/IdeaProjects/DevoxxGenieIDEAPlugin/.intellijPlatform/sandbox/DevoxxGenie/IU-2025.3.3/plugins-test/DevoxxGenie/lib/langchain4j-1.18.0.jar:/Users/stephan/IdeaProjects/DevoxxGenieIDEAPlugin/.intellijPlatform/sandbox/DevoxxGenie/IU-2025.3.3/plugins-test/DevoxxGenie/lib/netty-resolver-dns-4.2.16.Final.jar:/Users/stephan/IdeaProjects/DevoxxGenieIDEAPlugin/.intellijPlatform/sandbox/DevoxxGenie/IU-2025.3.3/plugins-test/DevoxxGenie/lib/netty-resolver-dns-classes-macos-4.2.16.Final.jar:/Users/stephan/IdeaProjects/DevoxxGenieIDEAPlugin/.intellijPlatform/sandbox/DevoxxGenie/IU-2025.3.3/plugins-test/DevoxxGenie/lib/netty-nio-client-2.49.5.jar:/Users/stephan/IdeaProjects/DevoxxGenieIDEAPlugin/.intellijPlatform/sandbox/DevoxxGenie/IU-2025.3.3/plugins-test/DevoxxGenie/lib/netty-codec-haproxy-4.2.16.Final.jar:/Users/stephan/IdeaProjects/DevoxxGenieIDEAPlugin/.intellijPlatform/sandbox/DevoxxGenie/IU-2025.3.3/plugins-test/DevoxxGenie/lib/byte-buddy-agent-1.17.7.jar:/Users/stephan/IdeaProjects/DevoxxGenieIDEAPlugin/.intellijPlatform/sandbox/DevoxxGenie/IU-2025.3.3/plugins-test/DevoxxGenie/lib/langchain4j-ollama-1.18.0.jar:/Users/stephan/IdeaProjects/DevoxxGenieIDEAPlugin/.intellijPlatform/sandbox/DevoxxGenie/IU-2025.3.3/plugins-test/DevoxxGenie/lib/junit-jupiter-api-6.1.2.jar:/Users/stephan/IdeaProjects/DevoxxGenieIDEAPlugin/.intellijPlatform/sandbox/DevoxxGenie/IU-2025.3.3/plugins-test/DevoxxGenie/lib/azure-ai-openai-1.0.0-beta.16.jar:/Users/stephan/IdeaProjects/DevoxxGenieIDEAPlugin/.intellijPlatform/sandbox/DevoxxGenie/IU-2025.3.3/plugins-test/DevoxxGenie/lib/assertj-core-3.27.7.jar:/Users/stephan/IdeaProjects/DevoxxGenieIDEAPlugin/.intellijPlatform/sandbox/DevoxxGenie/IU-2025.3.3/plugins-test/DevoxxGenie/lib/netty-transport-native-epoll-4.2.16.Final-linux-x86_64.jar:/Users/stephan/IdeaProjects/DevoxxGenieIDEAPlugin/.intellijPlatform/sandbox/DevoxxGenie/IU-2025.3.3/plugins-test/DevoxxGenie/lib/netty-codec-http2-4.2.16.Final.jar:/Users/stephan/IdeaProjects/DevoxxGenieIDEAPlugin/.intellijPlatform/sandbox/DevoxxGenie/IU-2025.3.3/plugins-test/DevoxxGenie/lib/third-party-jackson-core-2.49.5.jar:/Users/stephan/IdeaProjects/DevoxxGenieIDEAPlugin/.intellijPlatform/sandbox/DevoxxGenie/IU-2025.3.3/plugins-test/DevoxxGenie/lib/netty-transport-native-io_uring-4.2.16.Final-linux-riscv64.jar:/Users/stephan/IdeaProjects/DevoxxGenieIDEAPlugin/.intellijPlatform/sandbox/DevoxxGenie/IU-2025.3.3/plugins-test/DevoxxGenie/lib/jtokkit-1.1.0.jar:/Users/stephan/IdeaProjects/DevoxxGenieIDEAPlugin/.intellijPlatform/sandbox/DevoxxGenie/IU-2025.3.3/plugins-test/DevoxxGenie/lib/http-auth-aws-eventstream-2.49.5.jar:/Users/stephan/IdeaProjects/DevoxxGenieIDEAPlugin/.intellijPlatform/sandbox/DevoxxGenie/IU-2025.3.3/plugins-test/DevoxxGenie/lib/identity-spi-2.49.5.jar:/Users/stephan/IdeaProjects/DevoxxGenieIDEAPlugin/.intellijPlatform/sandbox/DevoxxGenie/IU-2025.3.3/plugins-test/DevoxxGenie/lib/netty-resolver-dns-native-macos-4.2.16.Final-osx-x86_64.jar:/Users/stephan/IdeaProjects/DevoxxGenieIDEAPlugin/.intellijPlatform/sandbox/DevoxxGenie/IU-2025.3.3/plugins-test/DevoxxGenie/lib/netty-codec-mqtt-4.2.16.Final.jar:/Users/stephan/IdeaProjects/DevoxxGenieIDEAPlugin/.intellijPlatform/sandbox/DevoxxGenie/IU-2025.3.3/plugins-test/DevoxxGenie/lib/utils-2.49.5.jar:/Users/stephan/IdeaProjects/DevoxxGenieIDEAPlugin/.intellijPlatform/sandbox/DevoxxGenie/IU-2025.3.3/plugins-test/DevoxxGenie/lib/netty-codec-4.2.16.Final.jar:/Users/stephan/IdeaProjects/DevoxxGenieIDEAPlugin/.intellijPlatform/sandbox/DevoxxGenie/IU-2025.3.3/plugins-test/DevoxxGenie/lib/objenesis-3.3.jar:/Users/stephan/IdeaProjects/DevoxxGenieIDEAPlugin/.intellijPlatform/sandbox/DevoxxGenie/IU-2025.3.3/plugins-test/DevoxxGenie/lib/mockito-inline-5.2.0.jar:/Users/stephan/IdeaProjects/DevoxxGenieIDEAPlugin/.intellijPlatform/sandbox/DevoxxGenie/IU-2025.3.3/plugins-test/DevoxxGenie/lib/netty-transport-sctp-4.2.16.Final.jar:/Users/stephan/IdeaProjects/DevoxxGenieIDEAPlugin/.intellijPlatform/sandbox/DevoxxGenie/IU-2025.3.3/plugins-test/DevoxxGenie/lib/bedrock-2.49.5.jar:/Users/stephan/IdeaProjects/DevoxxGenieIDEAPlugin/.intellijPlatform/sandbox/DevoxxGenie/IU-2025.3.3/plugins-test/DevoxxGenie/lib/bcpkix-jdk18on-1.82.jar:/Users/stephan/IdeaProjects/DevoxxGenieIDEAPlugin/.intellijPlatform/sandbox/DevoxxGenie/IU-2025.3.3/plugins-test/DevoxxGenie/lib/endpoints-spi-2.49.5.jar:/Users/stephan/IdeaProjects/DevoxxGenieIDEAPlugin/.intellijPlatform/sandbox/DevoxxGenie/IU-2025.3.3/plugins-test/DevoxxGenie/lib/http-auth-aws-2.49.5.jar:/Users/stephan/IdeaProjects/DevoxxGenieIDEAPlugin/.intellijPlatform/sandbox/DevoxxGenie/IU-2025.3.3/plugins-test/DevoxxGenie/lib/http-client-spi-2.49.5.jar:/Users/stephan/IdeaProjects/DevoxxGenieIDEAPlugin/.intellijPlatform/sandbox/DevoxxGenie/IU-2025.3.3/plugins-test/DevoxxGenie/lib/http-auth-spi-2.49.5.jar:/Users/stephan/IdeaProjects/DevoxxGenieIDEAPlugin/.intellijPlatform/sandbox/DevoxxGenie/IU-2025.3.3/plugins-test/DevoxxGenie/lib/reactor-netty-http-1.0.48.jar:/Users/stephan/IdeaProjects/DevoxxGenieIDEAPlugin/.intellijPlatform/sandbox/DevoxxGenie/IU-2025.3.3/plugins-test/DevoxxGenie/lib/okio-jvm-3.17.0.jar:/Users/stephan/IdeaProjects/DevoxxGenieIDEAPlugin/.intellijPlatform/sandbox/DevoxxGenie/IU-2025.3.3/plugins-test/DevoxxGenie/lib/logback-classic-1.6.1.jar:/Users/stephan/IdeaProjects/DevoxxGenieIDEAPlugin/.intellijPlatform/sandbox/DevoxxGenie/IU-2025.3.3/plugins-test/DevoxxGenie/lib/jackson-databind-2.22.1.jar:/Users/stephan/IdeaProjects/DevoxxGenieIDEAPlugin/.intellijPlatform/sandbox/DevoxxGenie/IU-2025.3.3/plugins-test/DevoxxGenie/lib/bcutil-jdk18on-1.82.jar:/Users/stephan/IdeaProjects/DevoxxGenieIDEAPlugin/.intellijPlatform/sandbox/DevoxxGenie/IU-2025.3.3/plugins-test/DevoxxGenie/lib/azure-core-http-netty-1.15.11.jar:/Users/stephan/IdeaProjects/DevoxxGenieIDEAPlugin/.intellijPlatform/sandbox/DevoxxGenie/IU-2025.3.3/plugins-test/DevoxxGenie/lib/slf4j-api-2.0.18.jar:/Users/stephan/IdeaProjects/DevoxxGenieIDEAPlugin/.intellijPlatform/sandbox/DevoxxGenie/IU-2025.3.3/plugins-test/DevoxxGenie/lib/highlights-jvm-1.0.0.jar:/Users/stephan/IdeaProjects/DevoxxGenieIDEAPlugin/.intellijPlatform/sandbox/DevoxxGenie/IU-2025.3.3/plugins-test/DevoxxGenie/lib/netty-common-4.2.16.Final.jar:/Users/stephan/IdeaProjects/DevoxxGenieIDEAPlugin/.intellijPlatform/sandbox/DevoxxGenie/IU-2025.3.3/plugins-test/DevoxxGenie/lib/jspecify-1.0.0.jar:/Users/stephan/IdeaProjects/DevoxxGenieIDEAPlugin/.intellijPlatform/sandbox/DevoxxGenie/IU-2025.3.3/plugins-test/DevoxxGenie/lib/netty-codec-native-quic-4.2.16.Final-osx-aarch_64.jar:/Users/stephan/IdeaProjects/DevoxxGenieIDEAPlugin/.intellijPlatform/sandbox/DevoxxGenie/IU-2025.3.3/plugins-test/DevoxxGenie/lib/bedrockruntime-2.49.5.jar:/Users/stephan/IdeaProjects/DevoxxGenieIDEAPlugin/.intellijPlatform/sandbox/DevoxxGenie/IU-2025.3.3/plugins-test/DevoxxGenie/lib/langchain4j-http-client-1.18.0.jar:/Users/stephan/IdeaProjects/DevoxxGenieIDEAPlugin/.intellijPlatform/sandbox/DevoxxGenie/IU-2025.3.3/plugins-test/DevoxxGenie/lib/netty-codec-xml-4.2.16.Final.jar:/Users/stephan/IdeaProjects/DevoxxGenieIDEAPlugin/.intellijPlatform/sandbox/DevoxxGenie/IU-2025.3.3/plugins-test/DevoxxGenie/lib/netty-codec-dns-4.2.16.Final.jar:/Users/stephan/IdeaProjects/DevoxxGenieIDEAPlugin/.intellijPlatform/sandbox/DevoxxGenie/IU-2025.3.3/plugins-test/DevoxxGenie/lib/opencensus-api-0.31.1.jar:/Users/stephan/IdeaProjects/DevoxxGenieIDEAPlugin/.intellijPlatform/sandbox/DevoxxGenie/IU-2025.3.3/plugins-test/DevoxxGenie/lib/grpc-api-1.60.1.jar:/Users/stephan/IdeaProjects/DevoxxGenieIDEAPlugin/.intellijPlatform/sandbox/DevoxxGenie/IU-2025.3.3/plugins-test/DevoxxGenie/lib/netty-codec-http3-4.2.16.Final.jar:/Users/stephan/IdeaProjects/DevoxxGenieIDEAPlugin/.intellijPlatform/sandbox/DevoxxGenie/IU-2025.3.3/plugins-test/DevoxxGenie/lib/jcl-over-slf4j-1.7.30.jar:/Users/stephan/IdeaProjects/DevoxxGenieIDEAPlugin/.intellijPlatform/sandbox/DevoxxGenie/IU-2025.3.3/plugins-test/DevoxxGenie/lib/commons-lang3-3.19.0.jar:/Users/stephan/IdeaProjects/DevoxxGenieIDEAPlugin/.intellijPlatform/sandbox/DevoxxGenie/IU-2025.3.3/plugins-test/DevoxxGenie/lib/netty-transport-native-io_uring-4.2.16.Final-linux-aarch_64.jar:/Users/stephan/IdeaProjects/DevoxxGenieIDEAPlugin/.intellijPlatform/sandbox/DevoxxGenie/IU-2025.3.3/plugins-test/DevoxxGenie/lib/junit-jupiter-params-6.1.2.jar:/Users/stephan/IdeaProjects/DevoxxGenieIDEAPlugin/.intellijPlatform/sandbox/DevoxxGenie/IU-2025.3.3/plugins-test/DevoxxGenie/lib/netty-transport-4.2.16.Final.jar:/Users/stephan/IdeaProjects/DevoxxGenieIDEAPlugin/.intellijPlatform/sandbox/DevoxxGenie/IU-2025.3.3/plugins-test/DevoxxGenie/lib/junit-4.13.2.jar:/Users/stephan/IdeaProjects/DevoxxGenieIDEAPlugin/.intellijPlatform/sandbox/DevoxxGenie/IU-2025.3.3/plugins-test/DevoxxGenie/lib/hk2-locator-2.6.1.jar:/Users/stephan/IdeaProjects/DevoxxGenieIDEAPlugin/.intellijPlatform/sandbox/DevoxxGenie/IU-2025.3.3/plugins-test/DevoxxGenie/lib/langchain4j-web-search-engine-tavily-1.18.0-beta28.jar:/Users/stephan/IdeaProjects/DevoxxGenieIDEAPlugin/.intellijPlatform/sandbox/DevoxxGenie/IU-2025.3.3/plugins-test/DevoxxGenie/lib/junit-platform-commons-6.1.2.jar:/Users/stephan/IdeaProjects/DevoxxGenieIDEAPlugin/.intellijPlatform/sandbox/DevoxxGenie/IU-2025.3.3/plugins-test/DevoxxGenie/lib/google-api-client-2.6.0.jar:/Users/stephan/IdeaProjects/DevoxxGenieIDEAPlugin/.intellijPlatform/sandbox/DevoxxGenie/IU-2025.3.3/plugins-test/DevoxxGenie/lib/protocol-core-2.49.5.jar:/Users/stephan/IdeaProjects/DevoxxGenieIDEAPlugin/.intellijPlatform/sandbox/DevoxxGenie/IU-2025.3.3/plugins-test/DevoxxGenie/lib/jctools-core-4.0.6.jar:/Users/stephan/IdeaProjects/DevoxxGenieIDEAPlugin/.intellijPlatform/sandbox/DevoxxGenie/IU-2025.3.3/plugins-test/DevoxxGenie/lib/netty-tcnative-classes-2.0.70.Final.jar:/Users/stephan/IdeaProjects/DevoxxGenieIDEAPlugin/.intellijPlatform/sandbox/DevoxxGenie/IU-2025.3.3/plugins-test/DevoxxGenie/lib/checksums-spi-2.49.5.jar:/Users/stephan/IdeaProjects/DevoxxGenieIDEAPlugin/.intellijPlatform/sandbox/DevoxxGenie/IU-2025.3.3/plugins-test/DevoxxGenie/lib/netty-codec-redis-4.2.16.Final.jar:/Users/stephan/IdeaProjects/DevoxxGenieIDEAPlugin/.intellijPlatform/sandbox/DevoxxGenie/IU-2025.3.3/plugins-test/DevoxxGenie/lib/jakarta.ws.rs-api-2.1.6.jar:/Users/stephan/IdeaProjects/DevoxxGenieIDEAPlugin/.intellijPlatform/sandbox/DevoxxGenie/IU-2025.3.3/plugins-test/DevoxxGenie/lib/grpc-context-1.60.1.jar:/Users/stephan/IdeaProjects/DevoxxGenieIDEAPlugin/.intellijPlatform/sandbox/DevoxxGenie/IU-2025.3.3/plugins-test/DevoxxGenie/lib/aopalliance-repackaged-2.6.1.jar:/Users/stephan/IdeaProjects/DevoxxGenieIDEAPlugin/.intellijPlatform/sandbox/DevoxxGenie/IU-2025.3.3/plugins-test/DevoxxGenie/lib/jsoup-1.22.2.jar:/Users/stephan/IdeaProjects/DevoxxGenieIDEAPlugin/.intellijPlatform/sandbox/DevoxxGenie/IU-2025.3.3/plugins-test/DevoxxGenie/lib/mockito-core-5.23.0.jar:/Users/stephan/IdeaProjects/DevoxxGenieIDEAPlugin/.intellijPlatform/sandbox/DevoxxGenie/IU-2025.3.3/plugins-test/DevoxxGenie/lib/azure-json-1.5.0.jar:/Users/stephan/IdeaProjects/DevoxxGenieIDEAPlugin/.intellijPlatform/sandbox/DevoxxGenie/IU-2025.3.3/plugins-test/DevoxxGenie/lib/jersey-common-2.47.jar:/Users/stephan/IdeaProjects/DevoxxGenieIDEAPlugin/.intellijPlatform/sandbox/DevoxxGenie/IU-2025.3.3/plugins-test/DevoxxGenie/lib/annotations-13.0.jar:/Users/stephan/IdeaProjects/DevoxxGenieIDEAPlugin/.intellijPlatform/sandbox/DevoxxGenie/IU-2025.3.3/plugins-test/DevoxxGenie/lib/aws-json-protocol-2.49.5.jar:/Users/stephan/IdeaProjects/DevoxxGenieIDEAPlugin/.intellijPlatform/sandbox/DevoxxGenie/IU-2025.3.3/plugins-test/DevoxxGenie/lib/junixsocket-common-2.10.1.jar:/Users/stephan/IdeaProjects/DevoxxGenieIDEAPlugin/.intellijPlatform/sandbox/DevoxxGenie/IU-2025.3.3/plugins-test/DevoxxGenie/lib/google-http-client-1.44.2.jar:/Users/stephan/IdeaProjects/DevoxxGenieIDEAPlugin/.intellijPlatform/sandbox/DevoxxGenie/IU-2025.3.3/plugins-test/DevoxxGenie/lib/http-auth-2.49.5.jar:/Users/stephan/IdeaProjects/DevoxxGenieIDEAPlugin/.intellijPlatform/sandbox/DevoxxGenie/IU-2025.3.3/plugins-test/DevoxxGenie/lib/junit-platform-engine-6.1.2.jar:/Users/stephan/IdeaProjects/DevoxxGenieIDEAPlugin/.intellijPlatform/sandbox/DevoxxGenie/IU-2025.3.3/plugins-test/DevoxxGenie/lib/google-oauth-client-1.36.0.jar:/Users/stephan/IdeaProjects/DevoxxGenieIDEAPlugin/.intellijPlatform/sandbox/DevoxxGenie/IU-2025.3.3/plugins-test/DevoxxGenie/lib/utils-lite-2.49.5.jar:/Users/stephan/IdeaProjects/DevoxxGenieIDEAPlugin/.intellijPlatform/sandbox/DevoxxGenie/IU-2025.3.3/plugins-test/DevoxxGenie/lib/commonmark-ext-yaml-front-matter-0.28.0.jar:/Users/stephan/IdeaProjects/DevoxxGenieIDEAPlugin/.intellijPlatform/sandbox/DevoxxGenie/IU-2025.3.3/plugins-test/DevoxxGenie/lib/docker-java-core-3.7.1.jar:/Users/stephan/IdeaProjects/DevoxxGenieIDEAPlugin/.intellijPlatform/sandbox/DevoxxGenie/IU-2025.3.3/plugins-test/DevoxxGenie/lib/netty-transport-classes-io_uring-4.2.16.Final.jar:/Users/stephan/IdeaProjects/DevoxxGenieIDEAPlugin/.intellijPlatform/sandbox/DevoxxGenie/IU-2025.3.3/plugins-test/DevoxxGenie/lib/java-dotenv-5.2.2.jar:/Users/stephan/IdeaProjects/DevoxxGenieIDEAPlugin/.intellijPlatform/sandbox/DevoxxGenie/IU-2025.3.3/plugins-test/DevoxxGenie/lib/junixsocket-native-common-2.10.1.jar:/Users/stephan/IdeaProjects/DevoxxGenieIDEAPlugin/.intellijPlatform/sandbox/DevoxxGenie/IU-2025.3.3/plugins-test/DevoxxGenie/lib/aws-query-protocol-2.49.5.jar:/Users/stephan/IdeaProjects/DevoxxGenieIDEAPlugin/.intellijPlatform/sandbox/DevoxxGenie/IU-2025.3.3/plugins-test/DevoxxGenie/lib/failureaccess-1.0.3.jar:/Users/stephan/IdeaProjects/DevoxxGenieIDEAPlugin/.intellijPlatform/sandbox/DevoxxGenie/IU-2025.3.3/plugins-test/DevoxxGenie/lib/netty-codec-native-quic-4.2.16.Final-osx-x86_64.jar:/Users/stephan/IdeaProjects/DevoxxGenieIDEAPlugin/.intellijPlatform/sandbox/DevoxxGenie/IU-2025.3.3/plugins-test/DevoxxGenie/lib/docker-java-transport-jersey-3.7.1.jar:/Users/stephan/IdeaProjects/DevoxxGenieIDEAPlugin/.intellijPlatform/sandbox/DevoxxGenie/IU-2025.3.3/plugins-test/DevoxxGenie/lib/netty-codec-http-4.2.16.Final.jar:/Users/stephan/IdeaProjects/DevoxxGenieIDEAPlugin/.intellijPlatform/sandbox/DevoxxGenie/IU-2025.3.3/plugins-test/DevoxxGenie/lib/DevoxxGenie-1.10.1.jar:/Users/stephan/IdeaProjects/DevoxxGenieIDEAPlugin/.intellijPlatform/sandbox/DevoxxGenie/IU-2025.3.3/plugins-test/DevoxxGenie/lib/sso-2.49.5.jar:/Users/stephan/IdeaProjects/DevoxxGenieIDEAPlugin/.intellijPlatform/sandbox/DevoxxGenie/IU-2025.3.3/plugins-test/DevoxxGenie/lib/mockito-junit-jupiter-5.23.0.jar:/Users/stephan/IdeaProjects/DevoxxGenieIDEAPlugin/.intellijPlatform/sandbox/DevoxxGenie/IU-2025.3.3/plugins-test/DevoxxGenie/lib/junit-platform-launcher-6.1.2.jar:/Users/stephan/IdeaProjects/DevoxxGenieIDEAPlugin/.intellijPlatform/sandbox/DevoxxGenie/IU-2025.3.3/plugins-test/DevoxxGenie/lib/regions-2.49.5.jar:/Users/stephan/IdeaProjects/DevoxxGenieIDEAPlugin/.intellijPlatform/sandbox/DevoxxGenie/IU-2025.3.3/plugins-test/DevoxxGenie/lib/jackson-datatype-jsr310-2.22.1.jar:/Users/stephan/IdeaProjects/DevoxxGenieIDEAPlugin/.intellijPlatform/sandbox/DevoxxGenie/IU-2025.3.3/plugins-test/DevoxxGenie/lib/langchain4j-bedrock-1.18.0.jar:/Users/stephan/IdeaProjects/DevoxxGenieIDEAPlugin/.intellijPlatform/sandbox/DevoxxGenie/IU-2025.3.3/plugins-test/DevoxxGenie/lib/netty-handler-4.2.16.Final.jar:/Users/stephan/IdeaProjects/DevoxxGenieIDEAPlugin/.intellijPlatform/sandbox/DevoxxGenie/IU-2025.3.3/plugins-test/DevoxxGenie/lib/docker-java-transport-3.7.1.jar:/Users/stephan/IdeaProjects/DevoxxGenieIDEAPlugin/.intellijPlatform/sandbox/DevoxxGenie/IU-2025.3.3/plugins-test/DevoxxGenie/lib/commons-io-2.21.0.jar:/Users/stephan/IdeaProjects/DevoxxGenieIDEAPlugin/.intellijPlatform/sandbox/DevoxxGenie/IU-2025.3.3/plugins-test/DevoxxGenie/lib/kotlin-stdlib-jdk8-1.8.21.jar:/Users/stephan/IdeaProjects/DevoxxGenieIDEAPlugin/.intellijPlatform/sandbox/DevoxxGenie/IU-2025.3.3/plugins-test/DevoxxGenie/lib/jackson-core-2.22.1.jar:/Users/stephan/IdeaProjects/DevoxxGenieIDEAPlugin/.intellijPlatform/sandbox/DevoxxGenie/IU-2025.3.3/plugins-test/DevoxxGenie/lib/jna-5.18.1.jar:/Users/stephan/IdeaProjects/DevoxxGenieIDEAPlugin/.intellijPlatform/sandbox/DevoxxGenie/IU-2025.3.3/plugins-test/DevoxxGenie/lib/langchain4j-azure-open-ai-1.18.0.jar:/Users/stephan/IdeaProjects/DevoxxGenieIDEAPlugin/.intellijPlatform/sandbox/DevoxxGenie/IU-2025.3.3/plugins-test/DevoxxGenie/lib/netty-transport-native-unix-common-4.2.16.Final.jar:/Users/stephan/IdeaProjects/DevoxxGenieIDEAPlugin/.intellijPlatform/sandbox/DevoxxGenie/IU-2025.3.3/plugins-test/DevoxxGenie/lib/netty-handler-ssl-ocsp-4.2.16.Final.jar:/Users/stephan/IdeaProjects/DevoxxGenieIDEAPlugin/.intellijPlatform/sandbox/DevoxxGenie/IU-2025.3.3/plugins-test/DevoxxGenie/lib/listenablefuture-9999.0-empty-to-avoid-conflict-with-guava.jar:/Users/stephan/IdeaProjects/DevoxxGenieIDEAPlugin/.intellijPlatform/sandbox/DevoxxGenie/IU-2025.3.3/plugins-test/DevoxxGenie/lib/opencensus-contrib-http-util-0.31.1.jar:/Users/stephan/IdeaProjects/DevoxxGenieIDEAPlugin/.intellijPlatform/sandbox/DevoxxGenie/IU-2025.3.3/plugins-test/DevoxxGenie/lib/netty-transport-udt-4.2.16.Final.jar:/Users/stephan/IdeaProjects/DevoxxGenieIDEAPlugin/.intellijPlatform/sandbox/DevoxxGenie/IU-2025.3.3/plugins-test/DevoxxGenie/lib/netty-codec-protobuf-4.2.16.Final.jar:/Users/stephan/IdeaProjects/DevoxxGenieIDEAPlugin/.intellijPlatform/sandbox/DevoxxGenie/IU-2025.3.3/plugins-test/DevoxxGenie/lib/jackson-annotations-2.22.jar:/Users/stephan/IdeaProjects/DevoxxGenieIDEAPlugin/.intellijPlatform/sandbox/DevoxxGenie/IU-2025.3.3/plugins-test/DevoxxGenie/lib/httpcore5-h2-5.4.3.jar:/Users/stephan/IdeaProjects/DevoxxGenieIDEAPlugin/.intellijPlatform/sandbox/DevoxxGenie/IU-2025.3.3/plugins-test/DevoxxGenie/lib/netty-resolver-dns-native-macos-4.2.16.Final-osx-aarch_64.jar:/Users/stephan/IdeaProjects/DevoxxGenieIDEAPlugin/.intellijPlatform/sandbox/DevoxxGenie/IU-2025.3.3/plugins-test/DevoxxGenie/lib/guava-33.4.8-jre.jar:/Users/stephan/IdeaProjects/DevoxxGenieIDEAPlugin/.intellijPlatform/sandbox/DevoxxGenie/IU-2025.3.3/plugins-test/DevoxxGenie/lib/osgi-resource-locator-1.0.3.jar:/Users/stephan/IdeaProjects/DevoxxGenieIDEAPlugin/.intellijPlatform/sandbox/DevoxxGenie/IU-2025.3.3/plugins-test/DevoxxGenie/lib/langchain4j-core-1.18.0.jar:/Users/stephan/IdeaProjects/DevoxxGenieIDEAPlugin/.intellijPlatform/sandbox/DevoxxGenie/IU-2025.3.3/plugins-test/DevoxxGenie/lib/logback-core-1.6.1.jar:/Users/stephan/IdeaProjects/DevoxxGenieIDEAPlugin/.intellijPlatform/sandbox/DevoxxGenie/IU-2025.3.3/plugins-test/DevoxxGenie/lib/j2objc-annotations-3.0.0.jar:/Users/stephan/IdeaProjects/DevoxxGenieIDEAPlugin/.intellijPlatform/sandbox/DevoxxGenie/IU-2025.3.3/plugins-test/DevoxxGenie/lib/netty-resolver-4.2.16.Final.jar:/Users/stephan/IdeaProjects/DevoxxGenieIDEAPlugin/.intellijPlatform/sandbox/DevoxxGenie/IU-2025.3.3/plugins-test/DevoxxGenie/lib/netty-codec-compression-4.2.16.Final.jar:/Users/stephan/IdeaProjects/DevoxxGenieIDEAPlugin/.intellijPlatform/sandbox/DevoxxGenie/IU-2025.3.3/plugins-test/DevoxxGenie/lib/kotlinx-serialization-json-jvm-1.7.1.jar:/Users/stephan/IdeaProjects/DevoxxGenieIDEAPlugin/.intellijPlatform/sandbox/DevoxxGenie/IU-2025.3.3/plugins-test/DevoxxGenie/lib/error_prone_annotations-2.38.0.jar:/Users/stephan/IdeaProjects/DevoxxGenieIDEAPlugin/.intellijPlatform/sandbox/DevoxxGenie/IU-2025.3.3/plugins-test/DevoxxGenie/lib/multiplatform-markdown-renderer-jvm-0.38.1.jar:/Users/stephan/IdeaProjects/DevoxxGenieIDEAPlugin/.intellijPlatform/sandbox/DevoxxGenie/IU-2025.3.3/plugins-test/DevoxxGenie/lib/jakarta.inject-2.6.1.jar:/Users/stephan/IdeaProjects/DevoxxGenieIDEAPlugin/.intellijPlatform/sandbox/DevoxxGenie/IU-2025.3.3/plugins-test/DevoxxGenie/lib/langchain4j-web-search-engine-google-custom-1.18.0-beta28.jar:/Users/stephan/IdeaProjects/DevoxxGenieIDEAPlugin/.intellijPlatform/sandbox/DevoxxGenie/IU-2025.3.3/plugins-test/DevoxxGenie/lib/multiplatform-markdown-renderer-code-jvm-0.38.1.jar:/Users/stephan/IdeaProjects/DevoxxGenieIDEAPlugin/.intellijPlatform/sandbox/DevoxxGenie/IU-2025.3.3/plugins-test/DevoxxGenie/lib/hk2-utils-2.6.1.jar:/Users/stephan/IdeaProjects/DevoxxGenieIDEAPlugin/.intellijPlatform/sandbox/DevoxxGenie/IU-2025.3.3/plugins-test/DevoxxGenie/lib/auto-value-annotations-1.10.4.jar:/Users/stephan/IdeaProjects/DevoxxGenieIDEAPlugin/.intellijPlatform/sandbox/DevoxxGenie/IU-2025.3.3/plugins-test/DevoxxGenie/lib/netty-codec-socks-4.2.16.Final.jar:/Users/stephan/IdeaProjects/DevoxxGenieIDEAPlugin/.intellijPlatform/sandbox/DevoxxGenie/IU-2025.3.3/plugins-test/DevoxxGenie/lib/jersey-client-2.47.jar:/Users/stephan/IdeaProjects/DevoxxGenieIDEAPlugin/.intellijPlatform/sandbox/DevoxxGenie/IU-2025.3.3/plugins-test/DevoxxGenie/lib/netty-codec-native-quic-4.2.16.Final-linux-aarch_64.jar:/Users/stephan/IdeaProjects/DevoxxGenieIDEAPlugin/.intellijPlatform/sandbox/DevoxxGenie/IU-2025.3.3/plugins-test/DevoxxGenie/lib/netty-codec-stomp-4.2.16.Final.jar:/Users/stephan/IdeaProjects/DevoxxGenieIDEAPlugin/.intellijPlatform/sandbox/DevoxxGenie/IU-2025.3.3/plugins-test/DevoxxGenie/lib/retrofit-3.0.0.jar:/Users/stephan/IdeaProjects/DevoxxGenieIDEAPlugin/.intellijPlatform/sandbox/DevoxxGenie/IU-2025.3.3/plugins-test/DevoxxGenie/lib/google-http-client-apache-v2-1.44.2.jar:/Users/stephan/IdeaProjects/DevoxxGenieIDEAPlugin/.intellijPlatform/sandbox/DevoxxGenie/IU-2025.3.3/plugins-test/DevoxxGenie/lib/docker-java-transport-netty-3.7.1.jar:/Users/stephan/IdeaProjects/DevoxxGenieIDEAPlugin/.intellijPlatform/sandbox/DevoxxGenie/IU-2025.3.3/plugins-test/DevoxxGenie/lib/netty-transport-native-kqueue-4.2.16.Final-osx-aarch_64.jar:/Users/stephan/IdeaProjects/DevoxxGenieIDEAPlugin/.intellijPlatform/sandbox/DevoxxGenie/IU-2025.3.3/plugins-test/DevoxxGenie/lib/hk2-api-2.6.1.jar:/Users/stephan/IdeaProjects/DevoxxGenieIDEAPlugin/.intellijPlatform/sandbox/DevoxxGenie/IU-2025.3.3/plugins-test/DevoxxGenie/lib/hamcrest-core-1.3.jar:/Users/stephan/IdeaProjects/DevoxxGenieIDEAPlugin/.intellijPlatform/sandbox/DevoxxGenie/IU-2025.3.3/plugins-test/DevoxxGenie/lib/apache5-client-2.49.5.jar:/Users/stephan/IdeaProjects/DevoxxGenieIDEAPlugin/.intellijPlatform/sandbox/DevoxxGenie/IU-2025.3.3/plugins-test/DevoxxGenie/lib/netty-transport-classes-epoll-4.2.16.Final.jar:/Users/stephan/IdeaProjects/DevoxxGenieIDEAPlugin/.intellijPlatform/sandbox/DevoxxGenie/IU-2025.3.3/plugins-test/DevoxxGenie/lib/httpclient5-5.6.2.jar:/Users/stephan/IdeaProjects/DevoxxGenieIDEAPlugin/.intellijPlatform/sandbox/DevoxxGenie/IU-2025.3.3/plugins-test/DevoxxGenie/lib/converter-gson-3.0.0.jar:/Users/stephan/IdeaProjects/DevoxxGenieIDEAPlugin/.intellijPlatform/sandbox/DevoxxGenie/IU-2025.3.3/plugins-test/DevoxxGenie/lib/jakarta.annotation-api-1.3.5.jar:/Users/stephan/IdeaProjects/DevoxxGenieIDEAPlugin/.intellijPlatform/sandbox/DevoxxGenie/IU-2025.3.3/plugins-test/DevoxxGenie/lib/auth-2.49.5.jar:/Users/stephan/IdeaProjects/DevoxxGenieIDEAPlugin/.intellijPlatform/sandbox/DevoxxGenie/IU-2025.3.3/plugins-test/DevoxxGenie/lib/opentest4j-1.3.0.jar:/Users/stephan/IdeaProjects/DevoxxGenieIDEAPlugin/.intellijPlatform/sandbox/DevoxxGenie/IU-2025.3.3/plugins-test/DevoxxGenie/lib/reactive-streams-1.0.4.jar:/Users/stephan/IdeaProjects/DevoxxGenieIDEAPlugin/.intellijPlatform/sandbox/DevoxxGenie/IU-2025.3.3/plugins-test/DevoxxGenie/lib/google-http-client-gson-1.44.2.jar:/Users/stephan/IdeaProjects/DevoxxGenieIDEAPlugin/.intellijPlatform/sandbox/DevoxxGenie/IU-2025.3.3/plugins-test/DevoxxGenie/lib/netty-codec-memcache-4.2.16.Final.jar:/Users/stephan/IdeaProjects/DevoxxGenieIDEAPlugin/.intellijPlatform/sandbox/DevoxxGenie/IU-2025.3.3/plugins-test/DevoxxGenie/lib/langchain4j-http-client-jdk-1.18.0.jar:/Users/stephan/IdeaProjects/DevoxxGenieIDEAPlugin/.intellijPlatform/sandbox/DevoxxGenie/IU-2025.3.3/plugins-test/DevoxxGenie/lib/azure-xml-1.2.0.jar:/Users/stephan/IdeaProjects/DevoxxGenieIDEAPlugin/.intellijPlatform/sandbox/DevoxxGenie/IU-2025.3.3/plugins-test/DevoxxGenie/lib/eventstream-1.0.1.jar:/Users/stephan/IdeaProjects/DevoxxGenieIDEAPlugin/.intellijPlatform/sandbox/DevoxxGenie/IU-2025.3.3/plugins-test/DevoxxGenie/lib/mockwebserver3-5.4.0.jar:/Users/stephan/IdeaProjects/DevoxxGenieIDEAPlugin/.intellijPlatform/sandbox/DevoxxGenie/IU-2025.3.3/plugins-test/DevoxxGenie/lib/sts-2.49.5.jar:/Users/stephan/IdeaProjects/DevoxxGenieIDEAPlugin/.intellijPlatform/sandbox/DevoxxGenie/IU-2025.3.3/plugins-test/DevoxxGenie/lib/jersey-apache-connector-2.47.jar:/Users/stephan/IdeaProjects/DevoxxGenieIDEAPlugin/.intellijPlatform/sandbox/DevoxxGenie/IU-2025.3.3/plugins-test/DevoxxGenie/lib/kotlinx-collections-immutable-jvm-0.4.0.jar:/Users/stephan/IdeaProjects/DevoxxGenieIDEAPlugin/.intellijPlatform/sandbox/DevoxxGenie/IU-2025.3.3/plugins-test/DevoxxGenie/lib/commons-compress-1.28.0.jar:/Users/stephan/IdeaProjects/DevoxxGenieIDEAPlugin/.intellijPlatform/sandbox/DevoxxGenie/IU-2025.3.3/plugins-test/DevoxxGenie/lib/commons-codec-1.19.0.jar:/Users/stephan/IdeaProjects/DevoxxGenieIDEAPlugin/.intellijPlatform/sandbox/DevoxxGenie/IU-2025.3.3/plugins-test/DevoxxGenie/lib/sdk-core-2.49.5.jar:/Users/stephan/IdeaProjects/DevoxxGenieIDEAPlugin/.intellijPlatform/sandbox/DevoxxGenie/IU-2025.3.3/plugins-test/DevoxxGenie/lib/langchain4j-open-ai-1.18.0.jar:/Users/stephan/IdeaProjects/DevoxxGenieIDEAPlugin/.intellijPlatform/sandbox/DevoxxGenie/IU-2025.3.3/plugins-test/DevoxxGenie/lib/commonmark-0.29.0.jar:/Users/stephan/IdeaProjects/DevoxxGenieIDEAPlugin/.intellijPlatform/sandbox/DevoxxGenie/IU-2025.3.3/plugins-test/DevoxxGenie/lib/netty-codec-native-quic-4.2.16.Final-linux-x86_64.jar:/Users/stephan/IdeaProjects/DevoxxGenieIDEAPlugin/.intellijPlatform/sandbox/DevoxxGenie/IU-2025.3.3/plugins-test/DevoxxGenie/lib/sqlite-jdbc-3.53.2.1.jar:/Users/stephan/IdeaProjects/DevoxxGenieIDEAPlugin/.intellijPlatform/sandbox/DevoxxGenie/IU-2025.3.3/plugins-test/DevoxxGenie/lib/profiles-2.49.5.jar:/Users/stephan/IdeaProjects/DevoxxGenieIDEAPlugin/.intellijPlatform/sandbox/DevoxxGenie/IU-2025.3.3/plugins-test/DevoxxGenie/lib/netty-transport-native-kqueue-4.2.16.Final-osx-x86_64.jar:/Users/stephan/IdeaProjects/DevoxxGenieIDEAPlugin/.intellijPlatform/sandbox/DevoxxGenie/IU-2025.3.3/plugins-test/DevoxxGenie/lib/docker-java-transport-httpclient5-3.7.1.jar:/Users/stephan/IdeaProjects/DevoxxGenieIDEAPlugin/.intellijPlatform/sandbox/DevoxxGenie/IU-2025.3.3/plugins-test/DevoxxGenie/lib/opennlp-tools-2.5.9.jar:/Users/stephan/IdeaProjects/DevoxxGenieIDEAPlugin/.intellijPlatform/sandbox/DevoxxGenie/IU-2025.3.3/plugins-test/DevoxxGenie/lib/metrics-spi-2.49.5.jar:/Users/stephan/IdeaProjects/DevoxxGenieIDEAPlugin/.intellijPlatform/sandbox/DevoxxGenie/IU-2025.3.3/plugins-test/DevoxxGenie/lib/kotlin-stdlib-2.4.10.jar:/Users/stephan/IdeaProjects/DevoxxGenieIDEAPlugin/.intellijPlatform/sandbox/DevoxxGenie/IU-2025.3.3/plugins-test/DevoxxGenie/lib/google-api-services-customsearch-v1-rev20240821-2.0.0.jar:/Users/stephan/IdeaProjects/DevoxxGenieIDEAPlugin/.intellijPlatform/sandbox/DevoxxGenie/IU-2025.3.3/plugins-test/DevoxxGenie/lib/azure-core-1.55.3.jar:/Users/stephan/IdeaProjects/DevoxxGenieIDEAPlugin/.intellijPlatform/sandbox/DevoxxGenie/IU-2025.3.3/plugins-test/DevoxxGenie/lib/httpcore5-5.4.3.jar:/Users/stephan/IdeaProjects/DevoxxGenieIDEAPlugin/.intellijPlatform/sandbox/DevoxxGenie/IU-2025.3.3/plugins-test/DevoxxGenie/lib/kotlin-stdlib-jdk7-1.8.21.jar:/Users/stephan/IdeaProjects/DevoxxGenieIDEAPlugin/.intellijPlatform/sandbox/DevoxxGenie/IU-2025.3.3/plugins-test/DevoxxGenie/lib/netty-transport-native-epoll-4.2.16.Final-linux-riscv64.jar:/Users/stephan/IdeaProjects/DevoxxGenieIDEAPlugin/.intellijPlatform/sandbox/DevoxxGenie/IU-2025.3.3/plugins-test/DevoxxGenie/lib/langchain4j-reactor-1.18.0-beta28.jar:/Users/stephan/IdeaProjects/DevoxxGenieIDEAPlugin/.intellijPlatform/sandbox/DevoxxGenie/IU-2025.3.3/plugins-test/DevoxxGenie/lib/google-auth-library-credentials-1.23.0.jar:/Users/stephan/IdeaProjects/DevoxxGenieIDEAPlugin/.intellijPlatform/sandbox/DevoxxGenie/IU-2025.3.3/plugins-test/DevoxxGenie/lib/okhttp-sse-4.12.0.jar:/Users/stephan/IdeaProjects/DevoxxGenieIDEAPlugin/.intellijPlatform/sandbox/DevoxxGenie/IU-2025.3.3/plugins-test/DevoxxGenie/lib/google-auth-library-oauth2-http-1.23.0.jar:/Users/stephan/IdeaProjects/DevoxxGenieIDEAPlugin/.intellijPlatform/sandbox/DevoxxGenie/IU-2025.3.3/plugins-test/DevoxxGenie/lib/netty-buffer-4.2.16.Final.jar:/Users/stephan/IdeaProjects/DevoxxGenieIDEAPlugin/.intellijPlatform/sandbox/DevoxxGenie/IU-2025.3.3/plugins-test/DevoxxGenie/lib/javassist-3.30.2-GA.jar:/Users/stephan/IdeaProjects/DevoxxGenieIDEAPlugin/.intellijPlatform/sandbox/DevoxxGenie/IU-2025.3.3/plugins-test/DevoxxGenie/lib/retries-spi-2.49.5.jar:/Users/stephan/IdeaProjects/DevoxxGenieIDEAPlugin/.intellijPlatform/sandbox/DevoxxGenie/IU-2025.3.3/plugins-test/DevoxxGenie/lib/netty-tcnative-boringssl-static-2.0.70.Final.jar:/Users/stephan/IdeaProjects/DevoxxGenieIDEAPlugin/.intellijPlatform/sandbox/DevoxxGenie/IU-2025.3.3/plugins-test/DevoxxGenie/lib/jersey-hk2-2.47.jar:/Users/stephan/IdeaProjects/DevoxxGenieIDEAPlugin/.intellijPlatform/sandbox/DevoxxGenie/IU-2025.3.3/plugins-test/DevoxxGenie/lib/jsr305-3.0.2.jar:/Users/stephan/IdeaProjects/DevoxxGenieIDEAPlugin/.intellijPlatform/sandbox/DevoxxGenie/IU-2025.3.3/plugins-test/DevoxxGenie/lib/langchain4j-anthropic-1.18.0.jar:/Users/stephan/IdeaProjects/DevoxxGenieIDEAPlugin/.intellijPlatform/sandbox/DevoxxGenie/IU-2025.3.3/plugins-test/DevoxxGenie/lib/byte-buddy-1.18.3.jar:/Users/stephan/IdeaProjects/DevoxxGenieIDEAPlugin/.intellijPlatform/sandbox/DevoxxGenie/IU-2025.3.3/plugins-test/DevoxxGenie/lib/langchain4j-mistral-ai-1.18.0.jar:/Users/stephan/IdeaProjects/DevoxxGenieIDEAPlugin/.intellijPlatform/sandbox/DevoxxGenie/IU-2025.3.3/plugins-test/DevoxxGenie/lib/mockwebserver-5.4.0.jar:/Users/stephan/IdeaProjects/DevoxxGenieIDEAPlugin/.intellijPlatform/sandbox/DevoxxGenie/IU-2025.3.3/plugins-test/DevoxxGenie/lib/junit-jupiter-engine-6.1.2.jar:/Users/stephan/IdeaProjects/DevoxxGenieIDEAPlugin/.intellijPlatform/sandbox/DevoxxGenie/IU-2025.3.3/plugins-test/DevoxxGenie/lib/docker-java-api-3.7.1.jar:/Users/stephan/IdeaProjects/DevoxxGenieIDEAPlugin/.intellijPlatform/sandbox/DevoxxGenie/IU-2025.3.3/plugins-test/DevoxxGenie/lib/httpclient-4.5.14.jar:/Users/stephan/IdeaProjects/DevoxxGenieIDEAPlugin/.intellijPlatform/sandbox/DevoxxGenie/IU-2025.3.3/plugins-test/DevoxxGenie/lib/langchain4j-google-ai-gemini-1.18.0.jar:/Users/stephan/IdeaProjects/DevoxxGenieIDEAPlugin/.intellijPlatform/sandbox/DevoxxGenie/IU-2025.3.3/plugins-test/DevoxxGenie/lib/gitignore-reader-2.0.0.jar:/Users/stephan/IdeaProjects/DevoxxGenieIDEAPlugin/.intellijPlatform/sandbox/DevoxxGenie/IU-2025.3.3/plugins-test/DevoxxGenie/lib/docker-java-3.7.1.jar:/Users/stephan/IdeaProjects/DevoxxGenieIDEAPlugin/.intellijPlatform/sandbox/DevoxxGenie/IU-2025.3.3/plugins-test/DevoxxGenie/lib/langchain4j-mcp-1.18.0-beta28.jar:/Users/stephan/IdeaProjects/DevoxxGenieIDEAPlugin/.intellijPlatform/sandbox/DevoxxGenie/IU-2025.3.3/plugins-test/DevoxxGenie/lib/annotations-2.49.5.jar:/Users/stephan/IdeaProjects/DevoxxGenieIDEAPlugin/.intellijPlatform/sandbox/DevoxxGenie/IU-2025.3.3/plugins-test/DevoxxGenie/lib/langchain4j-skills-1.18.0-beta28.jar:/Users/stephan/IdeaProjects/DevoxxGenieIDEAPlugin/.intellijPlatform/sandbox/DevoxxGenie/IU-2025.3.3/plugins-test/DevoxxGenie/lib/okhttp-jvm-5.4.0.jar:/Users/stephan/IdeaProjects/DevoxxGenieIDEAPlugin/.intellijPlatform/sandbox/DevoxxGenie/IU-2025.3.3/plugins-test/DevoxxGenie/lib/netty-transport-classes-kqueue-4.2.16.Final.jar:/Users/stephan/IdeaProjects/DevoxxGenieIDEAPlugin/.intellijPlatform/sandbox/DevoxxGenie/IU-2025.3.3/plugins-test/DevoxxGenie/lib/reactor-netty-core-1.0.48.jar:/Users/stephan/IdeaProjects/DevoxxGenieIDEAPlugin/.intellijPlatform/sandbox/DevoxxGenie/IU-2025.3.3/plugins-test/DevoxxGenie/lib/ssooidc-2.49.5.jar:/Users/stephan/IdeaProjects/DevoxxGenieIDEAPlugin/.intellijPlatform/sandbox/DevoxxGenie/IU-2025.3.3/plugins-test/DevoxxGenie/lib/netty-codec-base-4.2.16.Final.jar:/Users/stephan/IdeaProjects/DevoxxGenieIDEAPlugin/.intellijPlatform/sandbox/DevoxxGenie/IU-2025.3.3/plugins-test/DevoxxGenie/lib/reactor-core-3.7.17.jar:/Users/stephan/IdeaProjects/DevoxxGenieIDEAPlugin/.intellijPlatform/sandbox/DevoxxGenie/IU-2025.3.3/plugins-test/DevoxxGenie/lib/langchain4j-chroma-1.18.0-beta28.jar:/Users/stephan/IdeaProjects/DevoxxGenieIDEAPlugin/.intellijPlatform/sandbox/DevoxxGenie/IU-2025.3.3/plugins-test/DevoxxGenie/lib/netty-codec-native-quic-4.2.16.Final-windows-x86_64.jar:/Users/stephan/IdeaProjects/DevoxxGenieIDEAPlugin/.intellijPlatform/sandbox/DevoxxGenie/IU-2025.3.3/plugins-test/DevoxxGenie/lib/json-utils-2.49.5.jar:/Users/stephan/.gradle/caches/9.6.1/transforms/dc67bb6db46d49a62c982698aa2bb43c/transformed/idea-2025.3.3-aarch64/lib/modules/intellij.libraries.skiko.jar:/Users/stephan/.gradle/caches/9.6.1/transforms/dc67bb6db46d49a62c982698aa2bb43c/transformed/idea-2025.3.3-aarch64/lib/modules/intellij.platform.compose.jar:/Users/stephan/.gradle/caches/9.6.1/transforms/dc67bb6db46d49a62c982698aa2bb43c/transformed/idea-2025.3.3-aarch64/lib/modules/intellij.libraries.compose.foundation.desktop.jar:/Users/stephan/.gradle/caches/9.6.1/transforms/dc67bb6db46d49a62c982698aa2bb43c/transformed/idea-2025.3.3-aarch64/lib/modules/intellij.platform.jewel.foundation.jar:/Users/stephan/.gradle/caches/9.6.1/transforms/dc67bb6db46d49a62c982698aa2bb43c/transformed/idea-2025.3.3-aarch64/lib/modules/intellij.platform.jewel.ui.jar:/Users/stephan/.gradle/caches/9.6.1/transforms/dc67bb6db46d49a62c982698aa2bb43c/transformed/idea-2025.3.3-aarch64/lib/modules/intellij.platform.jewel.ideLafBridge.jar:/Users/stephan/.gradle/caches/9.6.1/transforms/dc67bb6db46d49a62c982698aa2bb43c/transformed/idea-2025.3.3-aarch64/lib/modules/intellij.libraries.compose.runtime.desktop.jar:/Users/stephan/.gradle/caches/9.6.1/transforms/dc67bb6db46d49a62c982698aa2bb43c/transformed/idea-2025.3.3-aarch64/plugins/java/lib/completion-ranking-java.jar:/Users/stephan/.gradle/caches/9.6.1/transforms/dc67bb6db46d49a62c982698aa2bb43c/transformed/idea-2025.3.3-aarch64/plugins/java/lib/jps-javac-extension.jar:/Users/stephan/.gradle/caches/9.6.1/transforms/dc67bb6db46d49a62c982698aa2bb43c/transformed/idea-2025.3.3-aarch64/plugins/java/lib/jps-launcher.jar:/Users/stephan/.gradle/caches/9.6.1/transforms/dc67bb6db46d49a62c982698aa2bb43c/transformed/idea-2025.3.3-aarch64/plugins/java/lib/javac2.jar:/Users/stephan/.gradle/caches/9.6.1/transforms/dc67bb6db46d49a62c982698aa2bb43c/transformed/idea-2025.3.3-aarch64/plugins/java/lib/maven-resolver-transport-http.jar:/Users/stephan/.gradle/caches/9.6.1/transforms/dc67bb6db46d49a62c982698aa2bb43c/transformed/idea-2025.3.3-aarch64/plugins/java/lib/jgoodies-common.jar:/Users/stephan/.gradle/caches/9.6.1/transforms/dc67bb6db46d49a62c982698aa2bb43c/transformed/idea-2025.3.3-aarch64/plugins/java/lib/java-impl-frontend.jar:/Users/stephan/.gradle/caches/9.6.1/transforms/dc67bb6db46d49a62c982698aa2bb43c/transformed/idea-2025.3.3-aarch64/plugins/java/lib/java-impl.jar:/Users/stephan/.gradle/caches/9.6.1/transforms/dc67bb6db46d49a62c982698aa2bb43c/transformed/idea-2025.3.3-aarch64/plugins/java/lib/maven-resolver-transport-file.jar:/Users/stephan/.gradle/caches/9.6.1/transforms/dc67bb6db46d49a62c982698aa2bb43c/transformed/idea-2025.3.3-aarch64/plugins/java/lib/netty-codec-protobuf.jar:/Users/stephan/.gradle/caches/9.6.1/transforms/dc67bb6db46d49a62c982698aa2bb43c/transformed/idea-2025.3.3-aarch64/plugins/java/lib/jps-builders-6.jar:/Users/stephan/.gradle/caches/9.6.1/transforms/dc67bb6db46d49a62c982698aa2bb43c/transformed/idea-2025.3.3-aarch64/plugins/java/lib/debugger-memory-agent.jar:/Users/stephan/.gradle/caches/9.6.1/transforms/dc67bb6db46d49a62c982698aa2bb43c/transformed/idea-2025.3.3-aarch64/plugins/java/lib/aether-dependency-resolver.jar:/Users/stephan/.gradle/caches/9.6.1/transforms/dc67bb6db46d49a62c982698aa2bb43c/transformed/idea-2025.3.3-aarch64/plugins/java/lib/jps-builders.jar:/Users/stephan/.gradle/caches/9.6.1/transforms/dc67bb6db46d49a62c982698aa2bb43c/transformed/idea-2025.3.3-aarch64/plugins/java/lib/maven-resolver-connector-basic.jar:/Users/stephan/.gradle/caches/9.6.1/transforms/dc67bb6db46d49a62c982698aa2bb43c/transformed/idea-2025.3.3-aarch64/plugins/java/lib/kotlin-metadata.jar:/Users/stephan/.gradle/caches/9.6.1/transforms/dc67bb6db46d49a62c982698aa2bb43c/transformed/idea-2025.3.3-aarch64/plugins/java/lib/sa-jdwp.jar:/Users/stephan/.gradle/caches/9.6.1/transforms/dc67bb6db46d49a62c982698aa2bb43c/transformed/idea-2025.3.3-aarch64/plugins/java/lib/jb-jdi.jar:/Users/stephan/.gradle/caches/9.6.1/transforms/dc67bb6db46d49a62c982698aa2bb43c/transformed/idea-2025.3.3-aarch64/plugins/java/lib/modules/intellij.java.unscramble.jar:/Users/stephan/.gradle/caches/9.6.1/transforms/dc67bb6db46d49a62c982698aa2bb43c/transformed/idea-2025.3.3-aarch64/plugins/java/lib/modules/intellij.profiler.ultimate.jar:/Users/stephan/.gradle/caches/9.6.1/transforms/dc67bb6db46d49a62c982698aa2bb43c/transformed/idea-2025.3.3-aarch64/plugins/java/lib/modules/intellij.java.execution.impl.backend.jar:/Users/stephan/.gradle/caches/9.6.1/transforms/dc67bb6db46d49a62c982698aa2bb43c/transformed/idea-2025.3.3-aarch64/plugins/java/lib/modules/intellij.java.featuresTrainer.jar:/Users/stephan/.gradle/caches/9.6.1/transforms/dc67bb6db46d49a62c982698aa2bb43c/transformed/idea-2025.3.3-aarch64/plugins/java/lib/modules/intellij.java.duplicatesDetection.jar:/Users/stephan/.gradle/caches/9.6.1/transforms/dc67bb6db46d49a62c982698aa2bb43c/transformed/idea-2025.3.3-aarch64/plugins/java/lib/modules/intellij.java.debugger.impl.frontend.jar:/Users/stephan/.gradle/caches/9.6.1/transforms/dc67bb6db46d49a62c982698aa2bb43c/transformed/idea-2025.3.3-aarch64/plugins/java/lib/modules/intellij.jvm.analysis.impl.jar:/Users/stephan/.gradle/caches/9.6.1/transforms/dc67bb6db46d49a62c982698aa2bb43c/transformed/idea-2025.3.3-aarch64/plugins/java/lib/modules/intellij.java.langInjection.jps.jar:/Users/stephan/.gradle/caches/9.6.1/transforms/dc67bb6db46d49a62c982698aa2bb43c/transformed/idea-2025.3.3-aarch64/plugins/java/lib/modules/intellij.java.langInjection.jar:/Users/stephan/.gradle/caches/9.6.1/transforms/dc67bb6db46d49a62c982698aa2bb43c/transformed/idea-2025.3.3-aarch64/plugins/java/lib/modules/intellij.java.vcs.jar:/Users/stephan/.gradle/caches/9.6.1/transforms/dc67bb6db46d49a62c982698aa2bb43c/transformed/idea-2025.3.3-aarch64/plugins/java/lib/modules/intellij.java.structuralSearch.jar:/Users/stephan/.gradle/caches/9.6.1/transforms/dc67bb6db46d49a62c982698aa2bb43c/transformed/idea-2025.3.3-aarch64/plugins/java/lib/modules/intellij.java.duplicates.analysis.jar:/Users/stephan/.gradle/caches/9.6.1/transforms/dc67bb6db46d49a62c982698aa2bb43c/transformed/idea-2025.3.3-aarch64/plugins/java/lib/modules/intellij.java.execution.impl.frontend.jar:/Users/stephan/.gradle/caches/9.6.1/transforms/dc67bb6db46d49a62c982698aa2bb43c/transformed/idea-2025.3.3-aarch64/plugins/java/lib/modules/intellij.java.jam.impl.jar:/Users/stephan/.gradle/caches/9.6.1/transforms/dc67bb6db46d49a62c982698aa2bb43c/transformed/idea-2025.3.3-aarch64/plugins/markdown/lib/markdown.jar:/Users/stephan/.gradle/caches/9.6.1/transforms/dc67bb6db46d49a62c982698aa2bb43c/transformed/idea-2025.3.3-aarch64/plugins/markdown/lib/modules/intellij.markdown.frontend.jar:/Users/stephan/.gradle/caches/9.6.1/transforms/dc67bb6db46d49a62c982698aa2bb43c/transformed/idea-2025.3.3-aarch64/plugins/markdown/lib/modules/intellij.markdown.backend.jar:/Users/stephan/.gradle/caches/modules-2/files-2.1/com.jetbrains.intellij.platform/test-framework/253.31033.145/2842f95e09934fda531e782c0877cd9ea5cd60bc/test-framework-253.31033.145.jar:/Users/stephan/.gradle/caches/9.6.1/transforms/dc67bb6db46d49a62c982698aa2bb43c/transformed/idea-2025.3.3-aarch64/lib/modules/intellij.platform.vcs.impl.lang.jar:/Users/stephan/.gradle/caches/9.6.1/transforms/dc67bb6db46d49a62c982698aa2bb43c/transformed/idea-2025.3.3-aarch64/lib/modules/intellij.spellchecker.jar:/Users/stephan/.gradle/caches/modules-2/files-2.1/org.assertj/assertj-core/4.0.0-M1/fb1a111417e6893354881b6a78bcb47f7ce7cda2/assertj-core-4.0.0-M1.jar:/Users/stephan/.gradle/caches/modules-2/files-2.1/com.jetbrains.intellij.java/java-resources-en/253.31033.145/8fb3abd0bce8f0ea3803fc519d70356139973445/java-resources-en-253.31033.145.jar:/Users/stephan/.gradle/caches/modules-2/files-2.1/com.jetbrains.intellij.platform/test-framework-common/253.31033.145/795fb73d2175a350707eaf9c70a82561677cd9f2/test-framework-common-253.31033.145.jar:/Users/stephan/.gradle/caches/modules-2/files-2.1/com.jetbrains.intellij.platform/test-framework-core/253.31033.145/5cb0bc7d9e2601c36331c669921dce9162c2d816/test-framework-core-253.31033.145.jar:/Users/stephan/.gradle/caches/9.6.1/transforms/dc67bb6db46d49a62c982698aa2bb43c/transformed/idea-2025.3.3-aarch64/lib/modules/intellij.platform.vcs.impl.jar:/Users/stephan/.gradle/caches/9.6.1/transforms/dc67bb6db46d49a62c982698aa2bb43c/transformed/idea-2025.3.3-aarch64/lib/modules/intellij.platform.vcs.log.jar:/Users/stephan/.gradle/caches/9.6.1/transforms/dc67bb6db46d49a62c982698aa2bb43c/transformed/idea-2025.3.3-aarch64/lib/modules/intellij.platform.kernel.backend.jar:/Users/stephan/.gradle/caches/9.6.1/transforms/dc67bb6db46d49a62c982698aa2bb43c/transformed/idea-2025.3.3-aarch64/lib/modules/intellij.platform.rpc.backend.jar:/Users/stephan/.gradle/caches/9.6.1/transforms/dc67bb6db46d49a62c982698aa2bb43c/transformed/idea-2025.3.3-aarch64/lib/modules/intellij.platform.backend.jar:/Users/stephan/.gradle/caches/9.6.1/transforms/dc67bb6db46d49a62c982698aa2bb43c/transformed/idea-2025.3.3-aarch64/lib/modules/intellij.libraries.lucene.common.jar:/Users/stephan/.gradle/caches/modules-2/files-2.1/com.jetbrains.intellij.platform/backend/253.31033.145/157fac429dde1049ff881f4ff3ff1ae347c5780d/backend-253.31033.145.jar:/Users/stephan/.gradle/caches/modules-2/files-2.1/org.jetbrains.runtime/jbr-api/1.9.0/2bc161f5472b5fd5610740e4d6ebe896c811cb0e/jbr-api-1.9.0.jar:/Users/stephan/.gradle/caches/modules-2/files-2.1/com.jetbrains.intellij.platform/test-framework-team-city/253.31033.145/40b1a6b6cb2378161acf8f17c36cacd7987a241e/test-framework-team-city-253.31033.145.jar:/Users/stephan/.gradle/caches/modules-2/files-2.1/com.jetbrains.intellij.tools/tests-bootstrap/253.31033.145/496177129dd317b9964403e6335b256afb210122/tests-bootstrap-253.31033.145.jar:/Users/stephan/.gradle/caches/modules-2/files-2.1/com.jetbrains.intellij.platform/core-nio-fs/253.31033.145/dea846abf2684bb9724c1c100a25bfec465f6d8f/core-nio-fs-253.31033.145.jar:/Users/stephan/.gradle/caches/modules-2/files-2.1/org.jetbrains/annotations/26.0.2/c7ce3cdeda3d18909368dfe5977332dfad326c6d/annotations-26.0.2.jar:/Users/stephan/.gradle/caches/modules-2/files-2.1/org.opentest4j/opentest4j/1.3.0/152ea56b3a72f655d4fd677fc0ef2596c3dd5e6e/opentest4j-1.3.0.jar:/Users/stephan/.gradle/caches/modules-2/files-2.1/com.fasterxml.jackson.core/jackson-databind/2.19.0/b3f7506f6414fb04760561eec11a0880165c2a4a/jackson-databind-2.19.0.jar:/Users/stephan/.gradle/caches/modules-2/files-2.1/com.fasterxml.jackson.core/jackson-annotations/2.19.0/fd1e7c56de1e5b658563c8c66d5074cceb4e3a0b/jackson-annotations-2.19.0.jar:/Users/stephan/.gradle/caches/modules-2/files-2.1/com.fasterxml.jackson.core/jackson-core/2.19.0/a90640e59ea42632a8e331ff1d6b706cf306050a/jackson-core-2.19.0.jar:/Users/stephan/.gradle/caches/modules-2/files-2.1/com.fasterxml.jackson.module/jackson-module-kotlin/2.19.0/b26bbc89112d7b71e3ef4d523671f430e95426fe/jackson-module-kotlin-2.19.0.jar:/Users/stephan/.gradle/caches/modules-2/files-2.1/org.apache.httpcomponents/httpmime/4.5.14/6662758a1f1cb1149cf916bdac28332e0902ec44/httpmime-4.5.14.jar:/Users/stephan/.gradle/caches/modules-2/files-2.1/org.jetbrains.kotlinx/kotlinx-collections-immutable-jvm/0.4.0/82499bf608b0fc3ae6737a5eac1a1f1325279bbf/kotlinx-collections-immutable-jvm-0.4.0.jar:/Users/stephan/.gradle/caches/modules-2/files-2.1/org.hamcrest/hamcrest/2.2/1820c0968dba3a11a1b30669bb1f01978a91dedc/hamcrest-2.2.jar:/Users/stephan/.gradle/caches/9.6.1/transforms/dc67bb6db46d49a62c982698aa2bb43c/transformed/idea-2025.3.3-aarch64/lib/modules/intellij.libraries.microba.jar:/Users/stephan/.gradle/caches/9.6.1/transforms/dc67bb6db46d49a62c982698aa2bb43c/transformed/idea-2025.3.3-aarch64/lib/modules/intellij.platform.vcs.impl.shared.jar:/Users/stephan/.gradle/caches/modules-2/files-2.1/org.apache.httpcomponents/httpclient/4.5.14/1194890e6f56ec29177673f2f12d0b8e627dec98/httpclient-4.5.14.jar:/Users/stephan/.gradle/caches/9.6.1/transforms/dc67bb6db46d49a62c982698aa2bb43c/transformed/idea-2025.3.3-aarch64/lib/modules/intellij.platform.vcs.log.graph.jar:/Users/stephan/.gradle/caches/9.6.1/transforms/dc67bb6db46d49a62c982698aa2bb43c/transformed/idea-2025.3.3-aarch64/lib/modules/intellij.platform.kernel.impl.jar:/Users/stephan/.gradle/caches/modules-2/files-2.1/org.apache.httpcomponents/httpcore/4.4.16/51cf043c87253c9f58b539c9f7e44c8894223850/httpcore-4.4.16.jar:/Users/stephan/.gradle/caches/9.6.1/transforms/dc67bb6db46d49a62c982698aa2bb43c/transformed/idea-2025.3.3-aarch64/lib/platform-loader.jar:/Users/stephan/.gradle/caches/9.6.1/transforms/dc67bb6db46d49a62c982698aa2bb43c/transformed/idea-2025.3.3-aarch64/lib/util-8.jar:/Users/stephan/.gradle/caches/9.6.1/transforms/dc67bb6db46d49a62c982698aa2bb43c/transformed/idea-2025.3.3-aarch64/lib/app.jar:/Users/stephan/.gradle/caches/9.6.1/transforms/dc67bb6db46d49a62c982698aa2bb43c/transformed/idea-2025.3.3-aarch64/lib/util.jar:/Users/stephan/.gradle/caches/9.6.1/transforms/dc67bb6db46d49a62c982698aa2bb43c/transformed/idea-2025.3.3-aarch64/lib/product-backend.jar:/Users/stephan/.gradle/caches/9.6.1/transforms/dc67bb6db46d49a62c982698aa2bb43c/transformed/idea-2025.3.3-aarch64/lib/app-backend.jar:/Users/stephan/.gradle/caches/9.6.1/transforms/dc67bb6db46d49a62c982698aa2bb43c/transformed/idea-2025.3.3-aarch64/lib/annotations.jar:/Users/stephan/.gradle/caches/9.6.1/transforms/dc67bb6db46d49a62c982698aa2bb43c/transformed/idea-2025.3.3-aarch64/lib/eclipse.lsp4j.debug.jar:/Users/stephan/.gradle/caches/9.6.1/transforms/dc67bb6db46d49a62c982698aa2bb43c/transformed/idea-2025.3.3-aarch64/lib/eclipse.lsp4j.jar:/Users/stephan/.gradle/caches/9.6.1/transforms/dc67bb6db46d49a62c982698aa2bb43c/transformed/idea-2025.3.3-aarch64/lib/eclipse.lsp4j.jsonrpc.debug.jar:/Users/stephan/.gradle/caches/9.6.1/transforms/dc67bb6db46d49a62c982698aa2bb43c/transformed/idea-2025.3.3-aarch64/lib/eclipse.lsp4j.jsonrpc.jar:/Users/stephan/.gradle/caches/9.6.1/transforms/dc67bb6db46d49a62c982698aa2bb43c/transformed/idea-2025.3.3-aarch64/lib/external-system-rt.jar:/Users/stephan/.gradle/caches/9.6.1/transforms/dc67bb6db46d49a62c982698aa2bb43c/transformed/idea-2025.3.3-aarch64/lib/externalProcess-rt.jar:/Users/stephan/.gradle/caches/9.6.1/transforms/dc67bb6db46d49a62c982698aa2bb43c/transformed/idea-2025.3.3-aarch64/lib/forms_rt.jar:/Users/stephan/.gradle/caches/9.6.1/transforms/dc67bb6db46d49a62c982698aa2bb43c/transformed/idea-2025.3.3-aarch64/lib/groovy.jar:/Users/stephan/.gradle/caches/9.6.1/transforms/dc67bb6db46d49a62c982698aa2bb43c/transformed/idea-2025.3.3-aarch64/lib/idea_rt.jar:/Users/stephan/.gradle/caches/9.6.1/transforms/dc67bb6db46d49a62c982698aa2bb43c/transformed/idea-2025.3.3-aarch64/lib/intellij-test-discovery.jar:/Users/stephan/.gradle/caches/9.6.1/transforms/dc67bb6db46d49a62c982698aa2bb43c/transformed/idea-2025.3.3-aarch64/lib/javax.activation.jar:/Users/stephan/.gradle/caches/9.6.1/transforms/dc67bb6db46d49a62c982698aa2bb43c/transformed/idea-2025.3.3-aarch64/lib/javax.annotation-api.jar:/Users/stephan/.gradle/caches/9.6.1/transforms/dc67bb6db46d49a62c982698aa2bb43c/transformed/idea-2025.3.3-aarch64/lib/jaxb-api.jar:/Users/stephan/.gradle/caches/9.6.1/transforms/dc67bb6db46d49a62c982698aa2bb43c/transformed/idea-2025.3.3-aarch64/lib/jaxb-runtime.jar:/Users/stephan/.gradle/caches/9.6.1/transforms/dc67bb6db46d49a62c982698aa2bb43c/transformed/idea-2025.3.3-aarch64/lib/jps-model.jar:/Users/stephan/.gradle/caches/9.6.1/transforms/dc67bb6db46d49a62c982698aa2bb43c/transformed/idea-2025.3.3-aarch64/lib/jsch-agent.jar:/Users/stephan/.gradle/caches/9.6.1/transforms/dc67bb6db46d49a62c982698aa2bb43c/transformed/idea-2025.3.3-aarch64/lib/lib-backend.jar:/Users/stephan/.gradle/caches/9.6.1/transforms/dc67bb6db46d49a62c982698aa2bb43c/transformed/idea-2025.3.3-aarch64/lib/lib.jar:/Users/stephan/.gradle/caches/9.6.1/transforms/dc67bb6db46d49a62c982698aa2bb43c/transformed/idea-2025.3.3-aarch64/lib/module-intellij.libraries.aalto.xml.jar:/Users/stephan/.gradle/caches/9.6.1/transforms/dc67bb6db46d49a62c982698aa2bb43c/transformed/idea-2025.3.3-aarch64/lib/module-intellij.libraries.asm.jar:/Users/stephan/.gradle/caches/9.6.1/transforms/dc67bb6db46d49a62c982698aa2bb43c/transformed/idea-2025.3.3-aarch64/lib/module-intellij.libraries.asm.tools.jar:/Users/stephan/.gradle/caches/9.6.1/transforms/dc67bb6db46d49a62c982698aa2bb43c/transformed/idea-2025.3.3-aarch64/lib/module-intellij.libraries.automaton.jar:/Users/stephan/.gradle/caches/9.6.1/transforms/dc67bb6db46d49a62c982698aa2bb43c/transformed/idea-2025.3.3-aarch64/lib/module-intellij.libraries.blockmap.jar:/Users/stephan/.gradle/caches/9.6.1/transforms/dc67bb6db46d49a62c982698aa2bb43c/transformed/idea-2025.3.3-aarch64/lib/module-intellij.libraries.bouncy.castle.pgp.jar:/Users/stephan/.gradle/caches/9.6.1/transforms/dc67bb6db46d49a62c982698aa2bb43c/transformed/idea-2025.3.3-aarch64/lib/module-intellij.libraries.bouncy.castle.provider.jar:/Users/stephan/.gradle/caches/9.6.1/transforms/dc67bb6db46d49a62c982698aa2bb43c/transformed/idea-2025.3.3-aarch64/lib/module-intellij.libraries.caffeine.jar:/Users/stephan/.gradle/caches/9.6.1/transforms/dc67bb6db46d49a62c982698aa2bb43c/transformed/idea-2025.3.3-aarch64/lib/module-intellij.libraries.cglib.jar:/Users/stephan/.gradle/caches/9.6.1/transforms/dc67bb6db46d49a62c982698aa2bb43c/transformed/idea-2025.3.3-aarch64/lib/module-intellij.libraries.classgraph.jar:/Users/stephan/.gradle/caches/9.6.1/transforms/dc67bb6db46d49a62c982698aa2bb43c/transformed/idea-2025.3.3-aarch64/lib/module-intellij.libraries.cli.parser.jar:/Users/stephan/.gradle/caches/9.6.1/transforms/dc67bb6db46d49a62c982698aa2bb43c/transformed/idea-2025.3.3-aarch64/lib/module-intellij.libraries.commons.cli.jar:/Users/stephan/.gradle/caches/9.6.1/transforms/dc67bb6db46d49a62c982698aa2bb43c/transformed/idea-2025.3.3-aarch64/lib/module-intellij.libraries.commons.codec.jar:/Users/stephan/.gradle/caches/9.6.1/transforms/dc67bb6db46d49a62c982698aa2bb43c/transformed/idea-2025.3.3-aarch64/lib/module-intellij.libraries.commons.compress.jar:/Users/stephan/.gradle/caches/9.6.1/transforms/dc67bb6db46d49a62c982698aa2bb43c/transformed/idea-2025.3.3-aarch64/lib/module-intellij.libraries.commons.imaging.jar:/Users/stephan/.gradle/caches/9.6.1/transforms/dc67bb6db46d49a62c982698aa2bb43c/transformed/idea-2025.3.3-aarch64/lib/module-intellij.libraries.commons.io.jar:/Users/stephan/.gradle/caches/9.6.1/transforms/dc67bb6db46d49a62c982698aa2bb43c/transformed/idea-2025.3.3-aarch64/lib/module-intellij.libraries.commons.lang3.jar:/Users/stephan/.gradle/caches/9.6.1/transforms/dc67bb6db46d49a62c982698aa2bb43c/transformed/idea-2025.3.3-aarch64/lib/module-intellij.libraries.commons.logging.jar:/Users/stephan/.gradle/caches/9.6.1/transforms/dc67bb6db46d49a62c982698aa2bb43c/transformed/idea-2025.3.3-aarch64/lib/module-intellij.libraries.fastutil.jar:/Users/stephan/.gradle/caches/9.6.1/transforms/dc67bb6db46d49a62c982698aa2bb43c/transformed/idea-2025.3.3-aarch64/lib/module-intellij.libraries.gson.jar:/Users/stephan/.gradle/caches/9.6.1/transforms/dc67bb6db46d49a62c982698aa2bb43c/transformed/idea-2025.3.3-aarch64/lib/module-intellij.libraries.guava.jar:/Users/stephan/.gradle/caches/9.6.1/transforms/dc67bb6db46d49a62c982698aa2bb43c/transformed/idea-2025.3.3-aarch64/lib/module-intellij.libraries.hash4j.jar:/Users/stephan/.gradle/caches/9.6.1/transforms/dc67bb6db46d49a62c982698aa2bb43c/transformed/idea-2025.3.3-aarch64/lib/module-intellij.libraries.hdr.histogram.jar:/Users/stephan/.gradle/caches/9.6.1/transforms/dc67bb6db46d49a62c982698aa2bb43c/transformed/idea-2025.3.3-aarch64/lib/module-intellij.libraries.http.client.jar:/Users/stephan/.gradle/caches/9.6.1/transforms/dc67bb6db46d49a62c982698aa2bb43c/transformed/idea-2025.3.3-aarch64/lib/module-intellij.libraries.icu4j.jar:/Users/stephan/.gradle/caches/9.6.1/transforms/dc67bb6db46d49a62c982698aa2bb43c/transformed/idea-2025.3.3-aarch64/lib/module-intellij.libraries.imgscalr.jar:/Users/stephan/.gradle/caches/9.6.1/transforms/dc67bb6db46d49a62c982698aa2bb43c/transformed/idea-2025.3.3-aarch64/lib/module-intellij.libraries.ini4j.jar:/Users/stephan/.gradle/caches/9.6.1/transforms/dc67bb6db46d49a62c982698aa2bb43c/transformed/idea-2025.3.3-aarch64/lib/module-intellij.libraries.ion.jar:/Users/stephan/.gradle/caches/9.6.1/transforms/dc67bb6db46d49a62c982698aa2bb43c/transformed/idea-2025.3.3-aarch64/lib/module-intellij.libraries.jackson.databind.jar:/Users/stephan/.gradle/caches/9.6.1/transforms/dc67bb6db46d49a62c982698aa2bb43c/transformed/idea-2025.3.3-aarch64/lib/module-intellij.libraries.jackson.dataformat.yaml.jar:/Users/stephan/.gradle/caches/9.6.1/transforms/dc67bb6db46d49a62c982698aa2bb43c/transformed/idea-2025.3.3-aarch64/lib/module-intellij.libraries.jackson.jar:/Users/stephan/.gradle/caches/9.6.1/transforms/dc67bb6db46d49a62c982698aa2bb43c/transformed/idea-2025.3.3-aarch64/lib/module-intellij.libraries.jackson.jr.objects.jar:/Users/stephan/.gradle/caches/9.6.1/transforms/dc67bb6db46d49a62c982698aa2bb43c/transformed/idea-2025.3.3-aarch64/lib/module-intellij.libraries.jackson.module.kotlin.jar:/Users/stephan/.gradle/caches/9.6.1/transforms/dc67bb6db46d49a62c982698aa2bb43c/transformed/idea-2025.3.3-aarch64/lib/module-intellij.libraries.java.websocket.jar:/Users/stephan/.gradle/caches/9.6.1/transforms/dc67bb6db46d49a62c982698aa2bb43c/transformed/idea-2025.3.3-aarch64/lib/module-intellij.libraries.javax.annotation.jar:/Users/stephan/.gradle/caches/9.6.1/transforms/dc67bb6db46d49a62c982698aa2bb43c/transformed/idea-2025.3.3-aarch64/lib/module-intellij.libraries.jaxen.jar:/Users/stephan/.gradle/caches/9.6.1/transforms/dc67bb6db46d49a62c982698aa2bb43c/transformed/idea-2025.3.3-aarch64/lib/module-intellij.libraries.jbr.jar:/Users/stephan/.gradle/caches/9.6.1/transforms/dc67bb6db46d49a62c982698aa2bb43c/transformed/idea-2025.3.3-aarch64/lib/module-intellij.libraries.jcef.jar:/Users/stephan/.gradle/caches/9.6.1/transforms/dc67bb6db46d49a62c982698aa2bb43c/transformed/idea-2025.3.3-aarch64/lib/module-intellij.libraries.jcip.jar:/Users/stephan/.gradle/caches/9.6.1/transforms/dc67bb6db46d49a62c982698aa2bb43c/transformed/idea-2025.3.3-aarch64/lib/module-intellij.libraries.jediterm.core.jar:/Users/stephan/.gradle/caches/9.6.1/transforms/dc67bb6db46d49a62c982698aa2bb43c/transformed/idea-2025.3.3-aarch64/lib/module-intellij.libraries.jediterm.ui.jar:/Users/stephan/.gradle/caches/9.6.1/transforms/dc67bb6db46d49a62c982698aa2bb43c/transformed/idea-2025.3.3-aarch64/lib/module-intellij.libraries.jettison.jar:/Users/stephan/.gradle/caches/9.6.1/transforms/dc67bb6db46d49a62c982698aa2bb43c/transformed/idea-2025.3.3-aarch64/lib/module-intellij.libraries.jsonpath.jar:/Users/stephan/.gradle/caches/9.6.1/transforms/dc67bb6db46d49a62c982698aa2bb43c/transformed/idea-2025.3.3-aarch64/lib/module-intellij.libraries.jsoup.jar:/Users/stephan/.gradle/caches/9.6.1/transforms/dc67bb6db46d49a62c982698aa2bb43c/transformed/idea-2025.3.3-aarch64/lib/module-intellij.libraries.jsvg.jar:/Users/stephan/.gradle/caches/9.6.1/transforms/dc67bb6db46d49a62c982698aa2bb43c/transformed/idea-2025.3.3-aarch64/lib/module-intellij.libraries.jvm.native.trusted.roots.jar:/Users/stephan/.gradle/caches/9.6.1/transforms/dc67bb6db46d49a62c982698aa2bb43c/transformed/idea-2025.3.3-aarch64/lib/module-intellij.libraries.jzlib.jar:/Users/stephan/.gradle/caches/9.6.1/transforms/dc67bb6db46d49a62c982698aa2bb43c/transformed/idea-2025.3.3-aarch64/lib/module-intellij.libraries.kotlin.reflect.jar:/Users/stephan/.gradle/caches/9.6.1/transforms/dc67bb6db46d49a62c982698aa2bb43c/transformed/idea-2025.3.3-aarch64/lib/module-intellij.libraries.kotlinx.collections.immutable.jar:/Users/stephan/.gradle/caches/9.6.1/transforms/dc67bb6db46d49a62c982698aa2bb43c/transformed/idea-2025.3.3-aarch64/lib/module-intellij.libraries.kotlinx.coroutines.slf4j.jar:/Users/stephan/.gradle/caches/9.6.1/transforms/dc67bb6db46d49a62c982698aa2bb43c/transformed/idea-2025.3.3-aarch64/lib/module-intellij.libraries.kotlinx.datetime.jar:/Users/stephan/.gradle/caches/9.6.1/transforms/dc67bb6db46d49a62c982698aa2bb43c/transformed/idea-2025.3.3-aarch64/lib/module-intellij.libraries.kotlinx.html.jar:/Users/stephan/.gradle/caches/9.6.1/transforms/dc67bb6db46d49a62c982698aa2bb43c/transformed/idea-2025.3.3-aarch64/lib/module-intellij.libraries.kotlinx.io.jar:/Users/stephan/.gradle/caches/9.6.1/transforms/dc67bb6db46d49a62c982698aa2bb43c/transformed/idea-2025.3.3-aarch64/lib/module-intellij.libraries.kotlinx.serialization.core.jar:/Users/stephan/.gradle/caches/9.6.1/transforms/dc67bb6db46d49a62c982698aa2bb43c/transformed/idea-2025.3.3-aarch64/lib/module-intellij.libraries.kotlinx.serialization.json.jar:/Users/stephan/.gradle/caches/9.6.1/transforms/dc67bb6db46d49a62c982698aa2bb43c/transformed/idea-2025.3.3-aarch64/lib/module-intellij.libraries.kotlinx.serialization.protobuf.jar:/Users/stephan/.gradle/caches/9.6.1/transforms/dc67bb6db46d49a62c982698aa2bb43c/transformed/idea-2025.3.3-aarch64/lib/module-intellij.libraries.kryo5.jar:/Users/stephan/.gradle/caches/9.6.1/transforms/dc67bb6db46d49a62c982698aa2bb43c/transformed/idea-2025.3.3-aarch64/lib/module-intellij.libraries.ktor.client.cio.jar:/Users/stephan/.gradle/caches/9.6.1/transforms/dc67bb6db46d49a62c982698aa2bb43c/transformed/idea-2025.3.3-aarch64/lib/module-intellij.libraries.ktor.client.jar:/Users/stephan/.gradle/caches/9.6.1/transforms/dc67bb6db46d49a62c982698aa2bb43c/transformed/idea-2025.3.3-aarch64/lib/module-intellij.libraries.ktor.io.jar:/Users/stephan/.gradle/caches/9.6.1/transforms/dc67bb6db46d49a62c982698aa2bb43c/transformed/idea-2025.3.3-aarch64/lib/module-intellij.libraries.ktor.network.tls.jar:/Users/stephan/.gradle/caches/9.6.1/transforms/dc67bb6db46d49a62c982698aa2bb43c/transformed/idea-2025.3.3-aarch64/lib/module-intellij.libraries.ktor.utils.jar:/Users/stephan/.gradle/caches/9.6.1/transforms/dc67bb6db46d49a62c982698aa2bb43c/transformed/idea-2025.3.3-aarch64/lib/module-intellij.libraries.lz4.jar:/Users/stephan/.gradle/caches/9.6.1/transforms/dc67bb6db46d49a62c982698aa2bb43c/transformed/idea-2025.3.3-aarch64/lib/module-intellij.libraries.markdown.jar:/Users/stephan/.gradle/caches/9.6.1/transforms/dc67bb6db46d49a62c982698aa2bb43c/transformed/idea-2025.3.3-aarch64/lib/module-intellij.libraries.miglayout.swing.jar:/Users/stephan/.gradle/caches/9.6.1/transforms/dc67bb6db46d49a62c982698aa2bb43c/transformed/idea-2025.3.3-aarch64/lib/module-intellij.libraries.mvstore.jar:/Users/stephan/.gradle/caches/9.6.1/transforms/dc67bb6db46d49a62c982698aa2bb43c/transformed/idea-2025.3.3-aarch64/lib/module-intellij.libraries.oro.matcher.jar:/Users/stephan/.gradle/caches/9.6.1/transforms/dc67bb6db46d49a62c982698aa2bb43c/transformed/idea-2025.3.3-aarch64/lib/module-intellij.libraries.proxy.vole.jar:/Users/stephan/.gradle/caches/9.6.1/transforms/dc67bb6db46d49a62c982698aa2bb43c/transformed/idea-2025.3.3-aarch64/lib/module-intellij.libraries.pty4j.jar:/Users/stephan/.gradle/caches/9.6.1/transforms/dc67bb6db46d49a62c982698aa2bb43c/transformed/idea-2025.3.3-aarch64/lib/module-intellij.libraries.rd.text.jar:/Users/stephan/.gradle/caches/9.6.1/transforms/dc67bb6db46d49a62c982698aa2bb43c/transformed/idea-2025.3.3-aarch64/lib/module-intellij.libraries.rhino.jar:/Users/stephan/.gradle/caches/9.6.1/transforms/dc67bb6db46d49a62c982698aa2bb43c/transformed/idea-2025.3.3-aarch64/lib/module-intellij.libraries.snakeyaml.engine.jar:/Users/stephan/.gradle/caches/9.6.1/transforms/dc67bb6db46d49a62c982698aa2bb43c/transformed/idea-2025.3.3-aarch64/lib/module-intellij.libraries.snakeyaml.jar:/Users/stephan/.gradle/caches/9.6.1/transforms/dc67bb6db46d49a62c982698aa2bb43c/transformed/idea-2025.3.3-aarch64/lib/module-intellij.libraries.sshj.jar:/Users/stephan/.gradle/caches/9.6.1/transforms/dc67bb6db46d49a62c982698aa2bb43c/transformed/idea-2025.3.3-aarch64/lib/module-intellij.libraries.stream.jar:/Users/stephan/.gradle/caches/9.6.1/transforms/dc67bb6db46d49a62c982698aa2bb43c/transformed/idea-2025.3.3-aarch64/lib/module-intellij.libraries.velocity.jar:/Users/stephan/.gradle/caches/9.6.1/transforms/dc67bb6db46d49a62c982698aa2bb43c/transformed/idea-2025.3.3-aarch64/lib/module-intellij.libraries.winp.jar:/Users/stephan/.gradle/caches/9.6.1/transforms/dc67bb6db46d49a62c982698aa2bb43c/transformed/idea-2025.3.3-aarch64/lib/module-intellij.libraries.xerces.jar:/Users/stephan/.gradle/caches/9.6.1/transforms/dc67bb6db46d49a62c982698aa2bb43c/transformed/idea-2025.3.3-aarch64/lib/module-intellij.libraries.xstream.jar:/Users/stephan/.gradle/caches/9.6.1/transforms/dc67bb6db46d49a62c982698aa2bb43c/transformed/idea-2025.3.3-aarch64/lib/module-intellij.libraries.xtext.xbase.jar:/Users/stephan/.gradle/caches/9.6.1/transforms/dc67bb6db46d49a62c982698aa2bb43c/transformed/idea-2025.3.3-aarch64/lib/module-intellij.libraries.xz.jar:/Users/stephan/.gradle/caches/9.6.1/transforms/dc67bb6db46d49a62c982698aa2bb43c/transformed/idea-2025.3.3-aarch64/lib/module-intellij.platform.debugger.impl.rpc.jar:/Users/stephan/.gradle/caches/9.6.1/transforms/dc67bb6db46d49a62c982698aa2bb43c/transformed/idea-2025.3.3-aarch64/lib/module-intellij.platform.debugger.impl.shared.jar:/Users/stephan/.gradle/caches/9.6.1/transforms/dc67bb6db46d49a62c982698aa2bb43c/transformed/idea-2025.3.3-aarch64/lib/module-intellij.platform.eel.impl.jar:/Users/stephan/.gradle/caches/9.6.1/transforms/dc67bb6db46d49a62c982698aa2bb43c/transformed/idea-2025.3.3-aarch64/lib/module-intellij.platform.find.jar:/Users/stephan/.gradle/caches/9.6.1/transforms/dc67bb6db46d49a62c982698aa2bb43c/transformed/idea-2025.3.3-aarch64/lib/module-intellij.platform.managed.cache.jar:/Users/stephan/.gradle/caches/9.6.1/transforms/dc67bb6db46d49a62c982698aa2bb43c/transformed/idea-2025.3.3-aarch64/lib/module-intellij.platform.polySymbols.backend.jar:/Users/stephan/.gradle/caches/9.6.1/transforms/dc67bb6db46d49a62c982698aa2bb43c/transformed/idea-2025.3.3-aarch64/lib/module-intellij.platform.polySymbols.jar:/Users/stephan/.gradle/caches/9.6.1/transforms/dc67bb6db46d49a62c982698aa2bb43c/transformed/idea-2025.3.3-aarch64/lib/module-intellij.platform.rpc.topics.jar:/Users/stephan/.gradle/caches/9.6.1/transforms/dc67bb6db46d49a62c982698aa2bb43c/transformed/idea-2025.3.3-aarch64/lib/module-intellij.platform.scopes.jar:/Users/stephan/.gradle/caches/9.6.1/transforms/dc67bb6db46d49a62c982698aa2bb43c/transformed/idea-2025.3.3-aarch64/lib/module-intellij.platform.vcs.core.jar:/Users/stephan/.gradle/caches/9.6.1/transforms/dc67bb6db46d49a62c982698aa2bb43c/transformed/idea-2025.3.3-aarch64/lib/module-intellij.platform.vcs.jar:/Users/stephan/.gradle/caches/9.6.1/transforms/dc67bb6db46d49a62c982698aa2bb43c/transformed/idea-2025.3.3-aarch64/lib/module-intellij.platform.vcs.shared.jar:/Users/stephan/.gradle/caches/9.6.1/transforms/dc67bb6db46d49a62c982698aa2bb43c/transformed/idea-2025.3.3-aarch64/lib/module-intellij.regexp.jar:/Users/stephan/.gradle/caches/9.6.1/transforms/dc67bb6db46d49a62c982698aa2bb43c/transformed/idea-2025.3.3-aarch64/lib/module-intellij.xml.analysis.impl.jar:/Users/stephan/.gradle/caches/9.6.1/transforms/dc67bb6db46d49a62c982698aa2bb43c/transformed/idea-2025.3.3-aarch64/lib/module-intellij.xml.analysis.jar:/Users/stephan/.gradle/caches/9.6.1/transforms/dc67bb6db46d49a62c982698aa2bb43c/transformed/idea-2025.3.3-aarch64/lib/module-intellij.xml.dom.impl.jar:/Users/stephan/.gradle/caches/9.6.1/transforms/dc67bb6db46d49a62c982698aa2bb43c/transformed/idea-2025.3.3-aarch64/lib/module-intellij.xml.dom.jar:/Users/stephan/.gradle/caches/9.6.1/transforms/dc67bb6db46d49a62c982698aa2bb43c/transformed/idea-2025.3.3-aarch64/lib/module-intellij.xml.impl.jar:/Users/stephan/.gradle/caches/9.6.1/transforms/dc67bb6db46d49a62c982698aa2bb43c/transformed/idea-2025.3.3-aarch64/lib/module-intellij.xml.parser.jar:/Users/stephan/.gradle/caches/9.6.1/transforms/dc67bb6db46d49a62c982698aa2bb43c/transformed/idea-2025.3.3-aarch64/lib/module-intellij.xml.psi.impl.jar:/Users/stephan/.gradle/caches/9.6.1/transforms/dc67bb6db46d49a62c982698aa2bb43c/transformed/idea-2025.3.3-aarch64/lib/module-intellij.xml.psi.jar:/Users/stephan/.gradle/caches/9.6.1/transforms/dc67bb6db46d49a62c982698aa2bb43c/transformed/idea-2025.3.3-aarch64/lib/module-intellij.xml.structureView.impl.jar:/Users/stephan/.gradle/caches/9.6.1/transforms/dc67bb6db46d49a62c982698aa2bb43c/transformed/idea-2025.3.3-aarch64/lib/module-intellij.xml.structureView.jar:/Users/stephan/.gradle/caches/9.6.1/transforms/dc67bb6db46d49a62c982698aa2bb43c/transformed/idea-2025.3.3-aarch64/lib/module-intellij.xml.syntax.jar:/Users/stephan/.gradle/caches/9.6.1/transforms/dc67bb6db46d49a62c982698aa2bb43c/transformed/idea-2025.3.3-aarch64/lib/module-intellij.xml.ui.common.jar:/Users/stephan/.gradle/caches/9.6.1/transforms/dc67bb6db46d49a62c982698aa2bb43c/transformed/idea-2025.3.3-aarch64/lib/opentelemetry.jar:/Users/stephan/.gradle/caches/9.6.1/transforms/dc67bb6db46d49a62c982698aa2bb43c/transformed/idea-2025.3.3-aarch64/lib/product.jar:/Users/stephan/.gradle/caches/9.6.1/transforms/dc67bb6db46d49a62c982698aa2bb43c/transformed/idea-2025.3.3-aarch64/lib/protobuf.jar:/Users/stephan/.gradle/caches/9.6.1/transforms/dc67bb6db46d49a62c982698aa2bb43c/transformed/idea-2025.3.3-aarch64/lib/rd.jar:/Users/stephan/.gradle/caches/9.6.1/transforms/dc67bb6db46d49a62c982698aa2bb43c/transformed/idea-2025.3.3-aarch64/lib/rhino.jar:/Users/stephan/.gradle/caches/9.6.1/transforms/dc67bb6db46d49a62c982698aa2bb43c/transformed/idea-2025.3.3-aarch64/lib/stats.jar:/Users/stephan/.gradle/caches/9.6.1/transforms/dc67bb6db46d49a62c982698aa2bb43c/transformed/idea-2025.3.3-aarch64/lib/trove.jar:/Users/stephan/.gradle/caches/9.6.1/transforms/dc67bb6db46d49a62c982698aa2bb43c/transformed/idea-2025.3.3-aarch64/lib/util_rt.jar:/Users/stephan/IdeaProjects/DevoxxGenieIDEAPlugin/build/classes/java/test:/Users/stephan/IdeaProjects/DevoxxGenieIDEAPlugin/build/classes/kotlin/test:/Users/stephan/IdeaProjects/DevoxxGenieIDEAPlugin/build/resources/test:/Users/stephan/.gradle/caches/modules-2/files-2.1/com.squareup.okhttp3/mockwebserver/5.4.0/a54f047a793c0d613ab89f6463d6c4642a641770/mockwebserver-5.4.0.jar:/Users/stephan/.gradle/caches/modules-2/files-2.1/io.github.cdimascio/java-dotenv/5.2.2/f77d54ff193ed4b07415ab8d7b3d0550716aa8c/java-dotenv-5.2.2.jar:/Users/stephan/.gradle/caches/modules-2/files-2.1/com.squareup.okhttp3/mockwebserver3/5.4.0/a12e1d58d550f8ecc8edd6709ffb810589acffed/mockwebserver3-5.4.0.jar:/Users/stephan/.gradle/caches/modules-2/files-2.1/org.jetbrains.kotlin/kotlin-stdlib-jdk8/1.8.21/67f57e154437cd9e6e9cf368394b95814836ff88/kotlin-stdlib-jdk8-1.8.21.jar:/Users/stephan/.gradle/caches/modules-2/files-2.1/com.squareup.okhttp3/okhttp-jvm/5.4.0/e1fae6fccaae70e60b31153c6a7680306a86ed31/okhttp-jvm-5.4.0.jar:/Users/stephan/.gradle/caches/modules-2/files-2.1/com.squareup.okio/okio-jvm/3.17.0/a12d684ec0df9541b3869ae60a4a5257fd3613df/okio-jvm-3.17.0.jar:/Users/stephan/.gradle/caches/modules-2/files-2.1/org.jetbrains.kotlin/kotlin-stdlib-jdk7/1.8.21/7473b8cd3c0ef9932345baf569bc398e8a717046/kotlin-stdlib-jdk7-1.8.21.jar:/Users/stephan/.gradle/caches/modules-2/files-2.1/org.junit.jupiter/junit-jupiter-params/6.1.2/cdbba0bff1c8978c1a1045689df6f2146389f815/junit-jupiter-params-6.1.2.jar:/Users/stephan/.gradle/caches/modules-2/files-2.1/org.mockito/mockito-junit-jupiter/5.23.0/e66b5f34ffea58bf4388aba58f66a209daeba4fd/mockito-junit-jupiter-5.23.0.jar:/Users/stephan/.gradle/caches/modules-2/files-2.1/org.mockito/mockito-inline/5.2.0/3d1dffee9a8a1998ec782383ca2f818848f2d5f1/mockito-inline-5.2.0.jar:/Users/stephan/.gradle/caches/modules-2/files-2.1/org.mockito/mockito-core/5.23.0/a5cf3cf244300e4cd05f779827cf50d373a8460e/mockito-core-5.23.0.jar:/Users/stephan/.gradle/caches/modules-2/files-2.1/org.assertj/assertj-core/3.27.7/2f4f64f054c9d618d4b1d89e7611559f5e2cfff7/assertj-core-3.27.7.jar:/Users/stephan/.gradle/caches/modules-2/files-2.1/net.bytebuddy/byte-buddy/1.18.3/c35b2e4bf0e22e4d492936d46506bb2e6d8fafc8/byte-buddy-1.18.3.jar:/Users/stephan/.gradle/caches/modules-2/files-2.1/net.bytebuddy/byte-buddy-agent/1.17.7/fbf3d6d649ed37fc9e9c59480a05be0a26e3c2da/byte-buddy-agent-1.17.7.jar:/Users/stephan/.gradle/caches/modules-2/files-2.1/org.objenesis/objenesis/3.3/1049c09f1de4331e8193e579448d0916d75b7631/objenesis-3.3.jar:/Users/stephan/.gradle/caches/modules-2/files-2.1/junit/junit/4.13.2/8ac9e16d933b6fb43bc7f576336b8f4d7eb5ba12/junit-4.13.2.jar:/Users/stephan/.gradle/caches/modules-2/files-2.1/org.hamcrest/hamcrest-core/1.3/42a25dc3219429f0e5d060061f71acb49bf010a0/hamcrest-core-1.3.jar:/Users/stephan/.gradle/caches/modules-2/files-2.1/nl.basjes.gitignore/gitignore-reader/2.0.0/1672e9ac0bf867c7e5a561ac36929546d392cfb3/gitignore-reader-2.0.0.jar:/Users/stephan/.gradle/caches/modules-2/files-2.1/com.squareup.retrofit2/converter-gson/3.0.0/f267e39336e822e2abb835818606986a96b4d5aa/converter-gson-3.0.0.jar:/Users/stephan/.gradle/caches/modules-2/files-2.1/com.squareup.retrofit2/retrofit/3.0.0/c0cdf6d243c5187732134129fda05a74f9197874/retrofit-3.0.0.jar:/Users/stephan/.gradle/caches/modules-2/files-2.1/dev.langchain4j/langchain4j-mcp/1.18.0-beta28/b828e5a5994d1d146d1481fb3f6767added799e6/langchain4j-mcp-1.18.0-beta28.jar:/Users/stephan/.gradle/caches/modules-2/files-2.1/com.squareup.okhttp3/okhttp-sse/4.12.0/eca9c68c54ae7fd18d465beba65d80a44e9667e4/okhttp-sse-4.12.0.jar:/Users/stephan/.gradle/caches/modules-2/files-2.1/org.jetbrains.kotlin/kotlin-stdlib/2.4.10/8943c84ddc6d5cc00a10dbc3736c397066eeaab5/kotlin-stdlib-2.4.10.jar:/Users/stephan/.gradle/caches/modules-2/files-2.1/dev.langchain4j/langchain4j-reactor/1.18.0-beta28/746bab06bf73b3518d21a13b3a29abe06316ed72/langchain4j-reactor-1.18.0-beta28.jar:/Users/stephan/.gradle/caches/modules-2/files-2.1/dev.langchain4j/langchain4j-skills/1.18.0-beta28/318d16c299fb1eceae3e0681c8c7be1c82f124f3/langchain4j-skills-1.18.0-beta28.jar:/Users/stephan/.gradle/caches/modules-2/files-2.1/dev.langchain4j/langchain4j/1.18.0/dab861269164f130f279d5cab61633066a687ed5/langchain4j-1.18.0.jar:/Users/stephan/.gradle/caches/modules-2/files-2.1/dev.langchain4j/langchain4j-ollama/1.18.0/fa8d93bbbd01919de661a0bb3913b7b18090b743/langchain4j-ollama-1.18.0.jar:/Users/stephan/.gradle/caches/modules-2/files-2.1/dev.langchain4j/langchain4j-open-ai/1.18.0/1bf09be49d2a4e8ed866b3f6b867a8446a0b0a6/langchain4j-open-ai-1.18.0.jar:/Users/stephan/.gradle/caches/modules-2/files-2.1/dev.langchain4j/langchain4j-anthropic/1.18.0/67404131ebec2b2cff2a5b37a7a222788080555b/langchain4j-anthropic-1.18.0.jar:/Users/stephan/.gradle/caches/modules-2/files-2.1/dev.langchain4j/langchain4j-mistral-ai/1.18.0/404d119a190cbfdcb0b4ddd369aca43ec575b9c6/langchain4j-mistral-ai-1.18.0.jar:/Users/stephan/.gradle/caches/modules-2/files-2.1/dev.langchain4j/langchain4j-google-ai-gemini/1.18.0/fe95bafd3016effe0f0c709e490ad05a81e65efa/langchain4j-google-ai-gemini-1.18.0.jar:/Users/stephan/.gradle/caches/modules-2/files-2.1/dev.langchain4j/langchain4j-web-search-engine-tavily/1.18.0-beta28/c90a73b950032ea6ec74d4f610edbc068568cd03/langchain4j-web-search-engine-tavily-1.18.0-beta28.jar:/Users/stephan/.gradle/caches/modules-2/files-2.1/dev.langchain4j/langchain4j-chroma/1.18.0-beta28/1ae1899e0bd249d179a43fb646a5fca87ad54f12/langchain4j-chroma-1.18.0-beta28.jar:/Users/stephan/.gradle/caches/modules-2/files-2.1/dev.langchain4j/langchain4j-http-client-jdk/1.18.0/63025c7ef0e69e1f6239fe22c9b2d38d07d9b5e6/langchain4j-http-client-jdk-1.18.0.jar:/Users/stephan/.gradle/caches/modules-2/files-2.1/dev.langchain4j/langchain4j-bedrock/1.18.0/7ecfdaf5faaed7f2083d9880834f52556088f534/langchain4j-bedrock-1.18.0.jar:/Users/stephan/.gradle/caches/modules-2/files-2.1/dev.langchain4j/langchain4j-web-search-engine-google-custom/1.18.0-beta28/d6b34f30a557dbe97dce069d64d2667d2f2bab37/langchain4j-web-search-engine-google-custom-1.18.0-beta28.jar:/Users/stephan/.gradle/caches/modules-2/files-2.1/dev.langchain4j/langchain4j-azure-open-ai/1.18.0/5ddd89107e9ac6f149a2cb30e317c9b891b44f91/langchain4j-azure-open-ai-1.18.0.jar:/Users/stephan/.gradle/caches/modules-2/files-2.1/dev.langchain4j/langchain4j-http-client/1.18.0/6aa021de6cbfc4f12974c5a9d7491874d783fdf2/langchain4j-http-client-1.18.0.jar:/Users/stephan/.gradle/caches/modules-2/files-2.1/dev.langchain4j/langchain4j-core/1.18.0/bd7c14422a20c8b0ce0e6543a153dd8f691884c7/langchain4j-core-1.18.0.jar:/Users/stephan/.gradle/caches/modules-2/files-2.1/software.amazon.awssdk/bedrock/2.49.5/d34a79057a0fa8e983acbdc2c7530d75fbea4023/bedrock-2.49.5.jar:/Users/stephan/.gradle/caches/modules-2/files-2.1/software.amazon.awssdk/sts/2.49.5/8f2add843d434b285070e27cd67aad4d85b55565/sts-2.49.5.jar:/Users/stephan/.gradle/caches/modules-2/files-2.1/software.amazon.awssdk/sso/2.49.5/bb5b8f0c6908eb3e865702a1bfab2ecb09fd8c74/sso-2.49.5.jar:/Users/stephan/.gradle/caches/modules-2/files-2.1/software.amazon.awssdk/ssooidc/2.49.5/bddf0f5502cb1f9c65cdd5718b128118fcd12626/ssooidc-2.49.5.jar:/Users/stephan/.gradle/caches/modules-2/files-2.1/org.xerial/sqlite-jdbc/3.53.2.1/13b01a41289286bd3211e8158864d132f9bac3b0/sqlite-jdbc-3.53.2.1.jar:/Users/stephan/.gradle/caches/modules-2/files-2.1/com.github.docker-java/docker-java/3.7.1/de48689857ce848497569919f886afe76c4a2442/docker-java-3.7.1.jar:/Users/stephan/.gradle/caches/modules-2/files-2.1/com.github.docker-java/docker-java-transport-httpclient5/3.7.1/5704e430474925ba7548874dddf08b56284b295c/docker-java-transport-httpclient5-3.7.1.jar:/Users/stephan/.gradle/caches/modules-2/files-2.1/com.knuddels/jtokkit/1.1.0/b7370f801db3eb8c7c6a2c2c06231909ac6de0b0/jtokkit-1.1.0.jar:/Users/stephan/.gradle/caches/modules-2/files-2.1/org.commonmark/commonmark-ext-yaml-front-matter/0.28.0/c21169ab375ed56396b2845c0ba023a2a6740ac9/commonmark-ext-yaml-front-matter-0.28.0.jar:/Users/stephan/.gradle/caches/modules-2/files-2.1/org.commonmark/commonmark/0.29.0/afd6755ebe69fc302f8cfbbd4a6bc056ac73ba94/commonmark-0.29.0.jar:/Users/stephan/.gradle/caches/modules-2/files-2.1/org.jsoup/jsoup/1.22.2/3e7aa5e79f51efa3d0ec15140e186140173119f7/jsoup-1.22.2.jar:/Users/stephan/.gradle/caches/modules-2/files-2.1/io.netty/netty-all/4.2.16.Final/65ecfa91f2e50f156f89ab999c20473d6bbc1052/netty-all-4.2.16.Final.jar:/Users/stephan/.gradle/caches/modules-2/files-2.1/com.mikepenz/multiplatform-markdown-renderer-code-jvm/0.38.1/2f175761381cf122cf145c4699e040575dcf9fd/multiplatform-markdown-renderer-code-jvm-0.38.1.jar:/Users/stephan/.gradle/caches/modules-2/files-2.1/com.mikepenz/multiplatform-markdown-renderer-jvm/0.38.1/b3e56580a57d909048f04432b136fb50ec3845be/multiplatform-markdown-renderer-jvm-0.38.1.jar:/Users/stephan/.gradle/caches/modules-2/files-2.1/ch.qos.logback/logback-classic/1.6.1/124aff5317e34a46c53b4a155efe878c0a9c6640/logback-classic-1.6.1.jar:/Users/stephan/.gradle/caches/modules-2/files-2.1/org.junit.platform/junit-platform-launcher/6.1.2/898d2c3af75d94325662fd24943d8233f26eb499/junit-platform-launcher-6.1.2.jar:/Users/stephan/.gradle/caches/modules-2/files-2.1/org.junit.platform/junit-platform-engine/6.1.2/de80e4caad28994c20b0c795a3fe9c7021b5ffb9/junit-platform-engine-6.1.2.jar:/Users/stephan/.gradle/caches/modules-2/files-2.1/org.junit.platform/junit-platform-commons/6.1.2/18fa9896a54f41722da2ea63f64b48cfe9b8100f/junit-platform-commons-6.1.2.jar:/Users/stephan/.gradle/caches/modules-2/files-2.1/org.junit.jupiter/junit-jupiter-engine/6.1.2/60e84d98602d552386ea6f65384432229ece807f/junit-jupiter-engine-6.1.2.jar:/Users/stephan/.gradle/caches/modules-2/files-2.1/org.junit.jupiter/junit-jupiter-api/6.1.2/1f05a853fa7e4189d79f7520ab515ce8c2624c6f/junit-jupiter-api-6.1.2.jar:/Users/stephan/.gradle/caches/modules-2/files-2.1/org.jetbrains/annotations/13.0/919f0dfe192fb4e063e7dacadee7f8bb9a2672a9/annotations-13.0.jar:/Users/stephan/.gradle/caches/modules-2/files-2.1/dev.snipme/highlights-jvm/1.0.0/c4dbc1a34666a506161a9fc7155dc45f4b70b6a4/highlights-jvm-1.0.0.jar:/Users/stephan/.gradle/caches/modules-2/files-2.1/org.jetbrains.kotlinx/kotlinx-serialization-core-jvm/1.7.1/f58a5f5e8ae06a468b523490a7085b781af4a6b3/kotlinx-serialization-core-jvm-1.7.1.jar:/Users/stephan/.gradle/caches/modules-2/files-2.1/org.jetbrains.kotlinx/kotlinx-serialization-json-jvm/1.7.1/c2a4c17f9246285d862cbe1f03d6f8e0848d1958/kotlinx-serialization-json-jvm-1.7.1.jar:/Users/stephan/.gradle/caches/modules-2/files-2.1/com.github.docker-java/docker-java-transport-jersey/3.7.1/8c681a0371bf98d74b96eebcedccafe202ca91db/docker-java-transport-jersey-3.7.1.jar:/Users/stephan/.gradle/caches/modules-2/files-2.1/com.github.docker-java/docker-java-transport-netty/3.7.1/6204fd6771c2bd659b9b8829b7bee71dd1b0d9cd/docker-java-transport-netty-3.7.1.jar:/Users/stephan/.gradle/caches/modules-2/files-2.1/com.github.docker-java/docker-java-core/3.7.1/91813998e240f1a1573894490d73c848507077ab/docker-java-core-3.7.1.jar:/Users/stephan/.gradle/caches/modules-2/files-2.1/com.azure/azure-ai-openai/1.0.0-beta.16/e7966cc4c3533514183621da053dc5140ea4a53d/azure-ai-openai-1.0.0-beta.16.jar:/Users/stephan/.gradle/caches/modules-2/files-2.1/com.azure/azure-core-http-netty/1.15.11/ab8382243424bf5d75cd71bf253842c4a9d0ef9d/azure-core-http-netty-1.15.11.jar:/Users/stephan/.gradle/caches/modules-2/files-2.1/com.azure/azure-core/1.55.3/120adc6c3de019097b163390a7eb511f0acd050b/azure-core-1.55.3.jar:/Users/stephan/.gradle/caches/modules-2/files-2.1/com.fasterxml.jackson.datatype/jackson-datatype-jsr310/2.22.1/3377a0589c1b0e62bbe245ac8e9f56fa7d7b8bb9/jackson-datatype-jsr310-2.22.1.jar:/Users/stephan/.gradle/caches/modules-2/files-2.1/com.fasterxml.jackson.core/jackson-core/2.22.1/da7ffb60088d7e8f37ecdd3b617520971cc7b9bf/jackson-core-2.22.1.jar:/Users/stephan/.gradle/caches/modules-2/files-2.1/com.fasterxml.jackson.core/jackson-databind/2.22.1/9e2fb91831cce9cb9262909cd76647508949f232/jackson-databind-2.22.1.jar:/Users/stephan/.gradle/caches/modules-2/files-2.1/com.github.docker-java/docker-java-api/3.7.1/2df91233a782749e85139991cc94d4ef40b59038/docker-java-api-3.7.1.jar:/Users/stephan/.gradle/caches/modules-2/files-2.1/com.fasterxml.jackson.core/jackson-annotations/2.22/15c67f9498d6934cff9510fc70c5a12e52290457/jackson-annotations-2.22.jar:/Users/stephan/.gradle/caches/modules-2/files-2.1/org.apache.opennlp/opennlp-tools/2.5.9/3a9c5279e4ad1950a92ab5aa85fa88e970d82927/opennlp-tools-2.5.9.jar:/Users/stephan/.gradle/caches/modules-2/files-2.1/org.slf4j/jcl-over-slf4j/1.7.30/cd92524ea19d27e5b94ecd251e1af729cffdfe15/jcl-over-slf4j-1.7.30.jar:/Users/stephan/.gradle/caches/modules-2/files-2.1/software.amazon.awssdk/bedrockruntime/2.49.5/4d301567367a429236ae896341fdcb162436f3a5/bedrockruntime-2.49.5.jar:/Users/stephan/.gradle/caches/modules-2/files-2.1/software.amazon.awssdk/aws-query-protocol/2.49.5/8b46fae331d77f3d1924e1c931a74282a97a4631/aws-query-protocol-2.49.5.jar:/Users/stephan/.gradle/caches/modules-2/files-2.1/software.amazon.awssdk/aws-json-protocol/2.49.5/bbb37d712fc5e20940d305a321ecc80574018687/aws-json-protocol-2.49.5.jar:/Users/stephan/.gradle/caches/modules-2/files-2.1/software.amazon.awssdk/protocol-core/2.49.5/6ec74cd75ce7a1d7eab7077a025d00e0dd737ae3/protocol-core-2.49.5.jar:/Users/stephan/.gradle/caches/modules-2/files-2.1/software.amazon.awssdk/aws-core/2.49.5/e08b4f96dd8d87f24f2dbf47dce3f11190b6b5f5/aws-core-2.49.5.jar:/Users/stephan/.gradle/caches/modules-2/files-2.1/software.amazon.awssdk/auth/2.49.5/5397967a4b23f722733654d65d9af5a288f6a0a/auth-2.49.5.jar:/Users/stephan/.gradle/caches/modules-2/files-2.1/software.amazon.awssdk/regions/2.49.5/f7f4c2eddabcc6b32c29ec72415eb4b2616075b7/regions-2.49.5.jar:/Users/stephan/.gradle/caches/modules-2/files-2.1/software.amazon.awssdk/sdk-core/2.49.5/3c0238944f8691919da88d559a23022dc6dd143e/sdk-core-2.49.5.jar:/Users/stephan/.gradle/caches/modules-2/files-2.1/software.amazon.awssdk/profiles/2.49.5/8c30321888a6e12b5283bab7b93cec7f4349dbec/profiles-2.49.5.jar:/Users/stephan/.gradle/caches/modules-2/files-2.1/software.amazon.awssdk/http-auth-aws/2.49.5/fc8f12afd0d98d93db03c7a6cff095af5b26a1ee/http-auth-aws-2.49.5.jar:/Users/stephan/.gradle/caches/modules-2/files-2.1/software.amazon.awssdk/http-auth/2.49.5/c4ec1eb29217d5f191b229294096cd0562e45ec1/http-auth-2.49.5.jar:/Users/stephan/.gradle/caches/modules-2/files-2.1/software.amazon.awssdk/http-auth-spi/2.49.5/f3aba3488243233d10460250ba75610e58ae441b/http-auth-spi-2.49.5.jar:/Users/stephan/.gradle/caches/modules-2/files-2.1/software.amazon.awssdk/identity-spi/2.49.5/ac49b0ee5c33826d144865c5e9e6d299638f14dc/identity-spi-2.49.5.jar:/Users/stephan/.gradle/caches/modules-2/files-2.1/software.amazon.awssdk/apache5-client/2.49.5/1bf76c0d041484ed48d071392046f98c26e03b64/apache5-client-2.49.5.jar:/Users/stephan/.gradle/caches/modules-2/files-2.1/software.amazon.awssdk/netty-nio-client/2.49.5/8a8d0238601cb932e7bcb0942a4dd35202e276fc/netty-nio-client-2.49.5.jar:/Users/stephan/.gradle/caches/modules-2/files-2.1/software.amazon.awssdk/http-client-spi/2.49.5/fd5fb2dbad5487f156231c2b246a5276b84e3d21/http-client-spi-2.49.5.jar:/Users/stephan/.gradle/caches/modules-2/files-2.1/software.amazon.awssdk/metrics-spi/2.49.5/202f82e28e7fa207cf98e065599e152af6947466/metrics-spi-2.49.5.jar:/Users/stephan/.gradle/caches/modules-2/files-2.1/software.amazon.awssdk/json-utils/2.49.5/fbf407ec73f35c58f45c8a6e4f0e9ef31f5edfd1/json-utils-2.49.5.jar:/Users/stephan/.gradle/caches/modules-2/files-2.1/software.amazon.awssdk/retries/2.49.5/d55c0224f14d240adb4064c5b64714fa21bc748e/retries-2.49.5.jar:/Users/stephan/.gradle/caches/modules-2/files-2.1/software.amazon.awssdk/retries-spi/2.49.5/5b4667f2f2d39b4fea770d44b6316829fef4acf2/retries-spi-2.49.5.jar:/Users/stephan/.gradle/caches/modules-2/files-2.1/software.amazon.awssdk/checksums/2.49.5/cff18e8b03271d3695781f858a803bccd2fbca70/checksums-2.49.5.jar:/Users/stephan/.gradle/caches/modules-2/files-2.1/software.amazon.awssdk/utils/2.49.5/679e2ea5ff778cf033dca11483329bbb9631105f/utils-2.49.5.jar:/Users/stephan/.gradle/caches/modules-2/files-2.1/org.apache.httpcomponents.client5/httpclient5/5.6.2/10ab45a37a2f4174492045840cdb5eb12c4336e7/httpclient5-5.6.2.jar:/Users/stephan/.gradle/caches/modules-2/files-2.1/org.slf4j/slf4j-api/2.0.18/78a9e7a37cd6360e0b818e86341b24123d28d4df/slf4j-api-2.0.18.jar:/Users/stephan/.gradle/caches/modules-2/files-2.1/com.google.apis/google-api-services-customsearch/v1-rev20240821-2.0.0/d77013fe91a1305df511ea67a18db63259a9cc86/google-api-services-customsearch-v1-rev20240821-2.0.0.jar:/Users/stephan/.gradle/caches/modules-2/files-2.1/com.google.api-client/google-api-client/2.6.0/b602d71e2491bbb66cfcd27a21db6ffea3764cdd/google-api-client-2.6.0.jar:/Users/stephan/.gradle/caches/modules-2/files-2.1/com.google.oauth-client/google-oauth-client/1.36.0/dc3f07bc8f49dd52fe8fcc15958f3cfeb003e20f/google-oauth-client-1.36.0.jar:/Users/stephan/.gradle/caches/modules-2/files-2.1/com.google.auth/google-auth-library-oauth2-http/1.23.0/f9ebd75a55b8e2cfa62e1f66d04a62b46a2f3b70/google-auth-library-oauth2-http-1.23.0.jar:/Users/stephan/.gradle/caches/modules-2/files-2.1/com.google.http-client/google-http-client-gson/1.44.2/6851401b3eda8b74658a159e10165f39fb9678fa/google-http-client-gson-1.44.2.jar:/Users/stephan/.gradle/caches/modules-2/files-2.1/com.google.http-client/google-http-client-apache-v2/1.44.2/ed3a506172c1cbf7ee514fc103f539979891f7b0/google-http-client-apache-v2-1.44.2.jar:/Users/stephan/.gradle/caches/modules-2/files-2.1/com.google.http-client/google-http-client/1.44.2/12f55ba06332c2b6f5456091b0786e1d7b8987e9/google-http-client-1.44.2.jar:/Users/stephan/.gradle/caches/modules-2/files-2.1/io.opencensus/opencensus-contrib-http-util/0.31.1/3c13fc5715231fadb16a9b74a44d9d59c460cfa8/opencensus-contrib-http-util-0.31.1.jar:/Users/stephan/.gradle/caches/modules-2/files-2.1/com.google.guava/guava/33.4.8-jre/e70a3268e6cd3e7d458aa15787ce6811c34e96ae/guava-33.4.8-jre.jar:/Users/stephan/.gradle/caches/modules-2/files-2.1/org.jspecify/jspecify/1.0.0/7425a601c1c7ec76645a78d22b8c6a627edee507/jspecify-1.0.0.jar:/Users/stephan/.gradle/caches/modules-2/files-2.1/io.netty/netty-codec-http2/4.2.16.Final/7af476eb447afe6e933938f09a5097823cf6c46c/netty-codec-http2-4.2.16.Final.jar:/Users/stephan/.gradle/caches/modules-2/files-2.1/io.projectreactor.netty/reactor-netty-http/1.0.48/f64eb4fcb0ea24a99e50f08f0df4c67dbd16eb89/reactor-netty-http-1.0.48.jar:/Users/stephan/.gradle/caches/modules-2/files-2.1/io.projectreactor.netty/reactor-netty-core/1.0.48/110272aba6040142a8d3e9d53e18d4cdf615768f/reactor-netty-core-1.0.48.jar:/Users/stephan/.gradle/caches/modules-2/files-2.1/io.projectreactor/reactor-core/3.7.17/d0fdb9ac0e6766e72a98513ce0a6f87499deb967/reactor-core-3.7.17.jar:/Users/stephan/.gradle/caches/modules-2/files-2.1/software.amazon.awssdk/endpoints-spi/2.49.5/16e0e64c1fc7d4271b14ef6cc594cfa4d54aaa73/endpoints-spi-2.49.5.jar:/Users/stephan/.gradle/caches/modules-2/files-2.1/software.amazon.awssdk/checksums-spi/2.49.5/b7903eda5eb28c9ca8be3efddfaee2d01e21e1dd/checksums-spi-2.49.5.jar:/Users/stephan/.gradle/caches/modules-2/files-2.1/software.amazon.awssdk/http-auth-aws-eventstream/2.49.5/6f8d879ff7fdf2866bf40f43d22c9c789f05e32f/http-auth-aws-eventstream-2.49.5.jar:/Users/stephan/.gradle/caches/modules-2/files-2.1/software.amazon.awssdk/utils-lite/2.49.5/43841a00bc3b2294ce9616b3fc26113c8270505f/utils-lite-2.49.5.jar:/Users/stephan/.gradle/caches/modules-2/files-2.1/software.amazon.awssdk/annotations/2.49.5/cbb8607ff4f372ef3e47aa71ad2bc76bacdc0849/annotations-2.49.5.jar:/Users/stephan/.gradle/caches/modules-2/files-2.1/software.amazon.awssdk/third-party-jackson-core/2.49.5/f02421ab8215d872bad959ab2f0881890020ef5a/third-party-jackson-core-2.49.5.jar:/Users/stephan/.gradle/caches/modules-2/files-2.1/com.google.code.gson/gson/2.13.1/853ce06c11316b33a8eae5e9095da096a9528b8f/gson-2.13.1.jar:/Users/stephan/.gradle/caches/modules-2/files-2.1/com.github.docker-java/docker-java-transport/3.7.1/7b8f1b7486e83f2871d9f98a7e12c529dfddc9c2/docker-java-transport-3.7.1.jar:/Users/stephan/.gradle/caches/modules-2/files-2.1/net.java.dev.jna/jna/5.18.1/b27ba04287cc4abe769642fe8318d39fc89bf937/jna-5.18.1.jar:/Users/stephan/.gradle/caches/modules-2/files-2.1/io.netty/netty-handler-proxy/4.2.16.Final/df9f359db740a1dd2d3a02608cb8b43daf63c9d2/netty-handler-proxy-4.2.16.Final.jar:/Users/stephan/.gradle/caches/modules-2/files-2.1/io.netty/netty-codec-http/4.2.16.Final/b5e0715df90047ee5a0138c8f704f43c751009e4/netty-codec-http-4.2.16.Final.jar:/Users/stephan/.gradle/caches/modules-2/files-2.1/io.netty/netty-codec-native-quic/4.2.16.Final/d2508e60272931ae0fa56e4b4db9430f880f34b7/netty-codec-native-quic-4.2.16.Final-linux-x86_64.jar:/Users/stephan/.gradle/caches/modules-2/files-2.1/io.netty/netty-codec-native-quic/4.2.16.Final/19a23720a19f3d37038ad98d9d096e10a269e42d/netty-codec-native-quic-4.2.16.Final-linux-aarch_64.jar:/Users/stephan/.gradle/caches/modules-2/files-2.1/io.netty/netty-codec-native-quic/4.2.16.Final/db28f6e4771837c0d7b14c691a03d73e1ee42f42/netty-codec-native-quic-4.2.16.Final-osx-x86_64.jar:/Users/stephan/.gradle/caches/modules-2/files-2.1/io.netty/netty-codec-native-quic/4.2.16.Final/4f08dddd953f49291d9a43bcde0f8d96cf8c2dcf/netty-codec-native-quic-4.2.16.Final-osx-aarch_64.jar:/Users/stephan/.gradle/caches/modules-2/files-2.1/io.netty/netty-codec-native-quic/4.2.16.Final/6f4fa17b350d63f6e8d7043a0f3e944fc97bc49f/netty-codec-native-quic-4.2.16.Final-windows-x86_64.jar:/Users/stephan/.gradle/caches/modules-2/files-2.1/io.netty/netty-codec-classes-quic/4.2.16.Final/29e04d2f81b70c0b9e2646030dddc878786015be/netty-codec-classes-quic-4.2.16.Final.jar:/Users/stephan/.gradle/caches/modules-2/files-2.1/io.netty/netty-resolver-dns-native-macos/4.2.16.Final/398f969a870b666bb6fbc92ed1ce974608dc61c/netty-resolver-dns-native-macos-4.2.16.Final-osx-x86_64.jar:/Users/stephan/.gradle/caches/modules-2/files-2.1/io.netty/netty-resolver-dns-native-macos/4.2.16.Final/22daeb917287455801fa4a123110bd513514246e/netty-resolver-dns-native-macos-4.2.16.Final-osx-aarch_64.jar:/Users/stephan/.gradle/caches/modules-2/files-2.1/io.netty/netty-resolver-dns-classes-macos/4.2.16.Final/d0acd35178a860b0e1832fdd748137968e44feb6/netty-resolver-dns-classes-macos-4.2.16.Final.jar:/Users/stephan/.gradle/caches/modules-2/files-2.1/io.netty/netty-resolver-dns/4.2.16.Final/efbe0a1f5bf910c3d9a4ebef53fd3c982543dde6/netty-resolver-dns-4.2.16.Final.jar:/Users/stephan/.gradle/caches/modules-2/files-2.1/io.netty/netty-handler/4.2.16.Final/cc82873ae4b6d14effe480740ad838de09add70d/netty-handler-4.2.16.Final.jar:/Users/stephan/.gradle/caches/modules-2/files-2.1/io.netty/netty-codec/4.2.16.Final/5ff5de5c29d6aa51bd4a52dac6abef7a6c2a8aae/netty-codec-4.2.16.Final.jar:/Users/stephan/.gradle/caches/modules-2/files-2.1/io.netty/netty-codec-compression/4.2.16.Final/bdbbcfcdbe217b95c14a04df4fc5d31213d5c27c/netty-codec-compression-4.2.16.Final.jar:/Users/stephan/.gradle/caches/modules-2/files-2.1/io.netty/netty-codec-socks/4.2.16.Final/d227dd8807b28382ade355eaae4678d4a7cd13c/netty-codec-socks-4.2.16.Final.jar:/Users/stephan/.gradle/caches/modules-2/files-2.1/io.netty/netty-codec-protobuf/4.2.16.Final/bbd61e19ebbad9a3da1856da418316b2a3fbdbde/netty-codec-protobuf-4.2.16.Final.jar:/Users/stephan/.gradle/caches/modules-2/files-2.1/io.netty/netty-codec-marshalling/4.2.16.Final/8fa72501beb27e474e339a4259f4de8e2f628dad/netty-codec-marshalling-4.2.16.Final.jar:/Users/stephan/.gradle/caches/modules-2/files-2.1/io.netty/netty-codec-dns/4.2.16.Final/7533d77b74323f20848e5d8051b1dcec0336bb8/netty-codec-dns-4.2.16.Final.jar:/Users/stephan/.gradle/caches/modules-2/files-2.1/io.netty/netty-codec-base/4.2.16.Final/1a01d45a9efc228c6d747525848b065e0656b5f/netty-codec-base-4.2.16.Final.jar:/Users/stephan/.gradle/caches/modules-2/files-2.1/io.netty/netty-transport-native-epoll/4.2.16.Final/439c24f5c27c220deb042b42e4048d606edeb78d/netty-transport-native-epoll-4.2.16.Final-linux-x86_64.jar:/Users/stephan/.gradle/caches/modules-2/files-2.1/io.netty/netty-transport-native-epoll/4.2.16.Final/eed34f3b37b4c46a0cbb49456ccc4e3bd7195e4c/netty-transport-native-epoll-4.2.16.Final-linux-aarch_64.jar:/Users/stephan/.gradle/caches/modules-2/files-2.1/io.netty/netty-transport-native-epoll/4.2.16.Final/3fbb6d9aa97f86b5c2868b7e7149ada325f57daa/netty-transport-native-epoll-4.2.16.Final-linux-riscv64.jar:/Users/stephan/.gradle/caches/modules-2/files-2.1/io.netty/netty-transport-native-io_uring/4.2.16.Final/cd2900ef8eedf232ac9dbc1b6140267d720d4272/netty-transport-native-io_uring-4.2.16.Final-linux-x86_64.jar:/Users/stephan/.gradle/caches/modules-2/files-2.1/io.netty/netty-transport-native-io_uring/4.2.16.Final/77402a81d80186301463e0be5f2425f1b43cf4c/netty-transport-native-io_uring-4.2.16.Final-linux-aarch_64.jar:/Users/stephan/.gradle/caches/modules-2/files-2.1/io.netty/netty-transport-native-io_uring/4.2.16.Final/b3fbc3b04eed8e89f284484e45989f718f58a085/netty-transport-native-io_uring-4.2.16.Final-linux-riscv64.jar:/Users/stephan/.gradle/caches/modules-2/files-2.1/io.netty/netty-transport-native-kqueue/4.2.16.Final/dd9d41b06355a6a1815d902ee087a693aab83755/netty-transport-native-kqueue-4.2.16.Final-osx-x86_64.jar:/Users/stephan/.gradle/caches/modules-2/files-2.1/io.netty/netty-transport-native-kqueue/4.2.16.Final/ddb942cad6c0e978caa2215757512b36c5ffacec/netty-transport-native-kqueue-4.2.16.Final-osx-aarch_64.jar:/Users/stephan/.gradle/caches/modules-2/files-2.1/io.netty/netty-transport-classes-epoll/4.2.16.Final/cf90c7b892e284ba9f1545dce170168369b3b9d6/netty-transport-classes-epoll-4.2.16.Final.jar:/Users/stephan/.gradle/caches/modules-2/files-2.1/io.netty/netty-transport-classes-io_uring/4.2.16.Final/d4788328f8a2145e26d6e80f2f3ddc2f73bc24a4/netty-transport-classes-io_uring-4.2.16.Final.jar:/Users/stephan/.gradle/caches/modules-2/files-2.1/io.netty/netty-transport-classes-kqueue/4.2.16.Final/fa2bcf8c71626510f6fae173f78182117b70f7a/netty-transport-classes-kqueue-4.2.16.Final.jar:/Users/stephan/.gradle/caches/modules-2/files-2.1/io.netty/netty-transport-native-unix-common/4.2.16.Final/3cf32390f1b80af890ac44aa0698c2ff58c2a4d7/netty-transport-native-unix-common-4.2.16.Final.jar:/Users/stephan/.gradle/caches/modules-2/files-2.1/io.netty/netty-transport/4.2.16.Final/ae87a3bec51d503475a19fbd718bf777f2fc06c6/netty-transport-4.2.16.Final.jar:/Users/stephan/.gradle/caches/modules-2/files-2.1/io.netty/netty-buffer/4.2.16.Final/5397ef65dcb60670e0e0dba4854522873af3070/netty-buffer-4.2.16.Final.jar:/Users/stephan/.gradle/caches/modules-2/files-2.1/io.netty/netty-codec-haproxy/4.2.16.Final/42afb55a64b8bad73fe2580927724c4068394b39/netty-codec-haproxy-4.2.16.Final.jar:/Users/stephan/.gradle/caches/modules-2/files-2.1/io.netty/netty-codec-http3/4.2.16.Final/506ab30d26e401aeb52922b9baf000d17f355957/netty-codec-http3-4.2.16.Final.jar:/Users/stephan/.gradle/caches/modules-2/files-2.1/org.jctools/jctools-core/4.0.6/2467452e7631e485b062d5d507ff73cdb04e3f11/jctools-core-4.0.6.jar:/Users/stephan/.gradle/caches/modules-2/files-2.1/io.netty/netty-codec-memcache/4.2.16.Final/4be33e7be80222dbbb00f3fbd6f1b2d7f956b14d/netty-codec-memcache-4.2.16.Final.jar:/Users/stephan/.gradle/caches/modules-2/files-2.1/io.netty/netty-codec-mqtt/4.2.16.Final/fca239eea71abeede7a27a851045ba407ddff21f/netty-codec-mqtt-4.2.16.Final.jar:/Users/stephan/.gradle/caches/modules-2/files-2.1/io.netty/netty-codec-redis/4.2.16.Final/4d27efa32f8631baa97f1ed3e63c9febd400c3f5/netty-codec-redis-4.2.16.Final.jar:/Users/stephan/.gradle/caches/modules-2/files-2.1/io.netty/netty-codec-smtp/4.2.16.Final/d25fa1d1f6d6735ded9d1160e66643307b8b274e/netty-codec-smtp-4.2.16.Final.jar:/Users/stephan/.gradle/caches/modules-2/files-2.1/io.netty/netty-codec-stomp/4.2.16.Final/e3678d58509546d54c1cb2fcac566115727ddc0/netty-codec-stomp-4.2.16.Final.jar:/Users/stephan/.gradle/caches/modules-2/files-2.1/io.netty/netty-codec-xml/4.2.16.Final/2975be7e9fc48ec00dba7b01638dd0f8f34ba9be/netty-codec-xml-4.2.16.Final.jar:/Users/stephan/.gradle/caches/modules-2/files-2.1/io.netty/netty-resolver/4.2.16.Final/fcea6d64273b59ab9127b68c16ae98af34642139/netty-resolver-4.2.16.Final.jar:/Users/stephan/.gradle/caches/modules-2/files-2.1/io.netty/netty-common/4.2.16.Final/c2bc7fa5acfa2afc777e944d84f0aa65559cc81e/netty-common-4.2.16.Final.jar:/Users/stephan/.gradle/caches/modules-2/files-2.1/io.netty/netty-handler-ssl-ocsp/4.2.16.Final/eac493d90d4213f271585c607f2f4aa2045d2c22/netty-handler-ssl-ocsp-4.2.16.Final.jar:/Users/stephan/.gradle/caches/modules-2/files-2.1/io.netty/netty-transport-rxtx/4.2.16.Final/9c2a92b1a066a73f958f4584972a142bd4e54dbc/netty-transport-rxtx-4.2.16.Final.jar:/Users/stephan/.gradle/caches/modules-2/files-2.1/io.netty/netty-transport-sctp/4.2.16.Final/72bb9808fddd75854c23d7b165bec6b6e2fa3010/netty-transport-sctp-4.2.16.Final.jar:/Users/stephan/.gradle/caches/modules-2/files-2.1/io.netty/netty-transport-udt/4.2.16.Final/dfa9958dd9fdbfee45622475b017835122457e37/netty-transport-udt-4.2.16.Final.jar:/Users/stephan/.gradle/caches/modules-2/files-2.1/ch.qos.logback/logback-core/1.6.1/635caf319525a1cbc3f0b09d6e83bbf30ff5eb06/logback-core-1.6.1.jar:/Users/stephan/.gradle/caches/modules-2/files-2.1/org.reactivestreams/reactive-streams/1.0.4/3864a1320d97d7b045f729a326e1e077661f31b7/reactive-streams-1.0.4.jar:/Users/stephan/.gradle/caches/modules-2/files-2.1/com.google.errorprone/error_prone_annotations/2.38.0/fc0ae991433e8590ba51cd558421478318a74c8c/error_prone_annotations-2.38.0.jar:/Users/stephan/.gradle/caches/modules-2/files-2.1/org.apache.commons/commons-compress/1.28.0/e482f2c7a88dac3c497e96aa420b6a769f59c8d7/commons-compress-1.28.0.jar:/Users/stephan/.gradle/caches/modules-2/files-2.1/commons-io/commons-io/2.21.0/52a6f68fe5afe335cde95461dd5c3412f04996f7/commons-io-2.21.0.jar:/Users/stephan/.gradle/caches/modules-2/files-2.1/org.apache.commons/commons-lang3/3.19.0/d6524b169a6574cd253760c472d419b47bfd37e6/commons-lang3-3.19.0.jar:/Users/stephan/.gradle/caches/modules-2/files-2.1/org.bouncycastle/bcpkix-jdk18on/1.82/ad7b7155abac3e4e4f73579d5176c11f7659c560/bcpkix-jdk18on-1.82.jar:/Users/stephan/.gradle/caches/modules-2/files-2.1/org.glassfish.jersey.connectors/jersey-apache-connector/2.47/65ddeda17077f25567555d6f6cc371446aba5fc8/jersey-apache-connector-2.47.jar:/Users/stephan/.gradle/caches/modules-2/files-2.1/org.glassfish.jersey.core/jersey-client/2.47/d215bf45093a0d834de7da6d5cbcacbe4214c69/jersey-client-2.47.jar:/Users/stephan/.gradle/caches/modules-2/files-2.1/org.glassfish.jersey.inject/jersey-hk2/2.47/586db03420f4971a8104aaf732c6cfb71ffbc26c/jersey-hk2-2.47.jar:/Users/stephan/.gradle/caches/modules-2/files-2.1/com.kohlschutter.junixsocket/junixsocket-common/2.10.1/a057996cbf023e8bd5e4aededeba97fa1b1d3a9a/junixsocket-common-2.10.1.jar:/Users/stephan/.gradle/caches/modules-2/files-2.1/com.kohlschutter.junixsocket/junixsocket-native-common/2.10.1/c9d8cc10a38ceca64695829ea6b4ee84e46d72f/junixsocket-native-common-2.10.1.jar:/Users/stephan/.gradle/caches/modules-2/files-2.1/org.apache.httpcomponents.core5/httpcore5-h2/5.4.3/33bcd37d645539d27c65e17420843fd7f6c0ebf4/httpcore5-h2-5.4.3.jar:/Users/stephan/.gradle/caches/modules-2/files-2.1/org.apache.httpcomponents.core5/httpcore5/5.4.3/32a0699fbcb103f5621c00983ee8f5aac080e4a6/httpcore5-5.4.3.jar:/Users/stephan/.gradle/caches/modules-2/files-2.1/commons-codec/commons-codec/1.19.0/8c0dbe3ae883fceda9b50a6c76e745e548073388/commons-codec-1.19.0.jar:/Users/stephan/.gradle/caches/modules-2/files-2.1/com.google.auth/google-auth-library-credentials/1.23.0/a50ee3611922a0eea9d421c6ddb1db031972a7dc/google-auth-library-credentials-1.23.0.jar:/Users/stephan/.gradle/caches/modules-2/files-2.1/com.azure/azure-json/1.5.0/d12cf1a1d31ca75b27a5bbe0fbcf5ad73b7471b5/azure-json-1.5.0.jar:/Users/stephan/.gradle/caches/modules-2/files-2.1/com.azure/azure-xml/1.2.0/5a811882dc4eba119c7d1f0fc65acf39eaf417c/azure-xml-1.2.0.jar:/Users/stephan/.gradle/caches/modules-2/files-2.1/io.netty/netty-tcnative-boringssl-static/2.0.70.Final/d0525335b569b05cfbfb60ecbba6c811157cf035/netty-tcnative-boringssl-static-2.0.70.Final.jar:/Users/stephan/.gradle/caches/modules-2/files-2.1/software.amazon.eventstream/eventstream/1.0.1/6ff8649dffc5190366ada897ba8525a836297784/eventstream-1.0.1.jar:/Users/stephan/.gradle/caches/modules-2/files-2.1/com.google.guava/failureaccess/1.0.3/aeaffd00d57023a2c947393ed251f0354f0985fc/failureaccess-1.0.3.jar:/Users/stephan/.gradle/caches/modules-2/files-2.1/com.google.guava/listenablefuture/9999.0-empty-to-avoid-conflict-with-guava/b421526c5f297295adef1c886e5246c39d4ac629/listenablefuture-9999.0-empty-to-avoid-conflict-with-guava.jar:/Users/stephan/.gradle/caches/modules-2/files-2.1/com.google.j2objc/j2objc-annotations/3.0.0/7399e65dd7e9ff3404f4535b2f017093bdb134c7/j2objc-annotations-3.0.0.jar:/Users/stephan/.gradle/caches/modules-2/files-2.1/org.bouncycastle/bcutil-jdk18on/1.82/1850911d674c91ce6444783ff10478e2c6e9bbf9/bcutil-jdk18on-1.82.jar:/Users/stephan/.gradle/caches/modules-2/files-2.1/org.glassfish.jersey.core/jersey-common/2.47/47204b141613d84bd9ca01f479f2a850f5157711/jersey-common-2.47.jar:/Users/stephan/.gradle/caches/modules-2/files-2.1/jakarta.ws.rs/jakarta.ws.rs-api/2.1.6/1dcb770bce80a490dff49729b99c7a60e9ecb122/jakarta.ws.rs-api-2.1.6.jar:/Users/stephan/.gradle/caches/modules-2/files-2.1/org.glassfish.hk2/hk2-locator/2.6.1/9dedf9d2022e38ec0743ed44c1ac94ad6149acdd/hk2-locator-2.6.1.jar:/Users/stephan/.gradle/caches/modules-2/files-2.1/org.glassfish.hk2/hk2-api/2.6.1/114bd7afb4a1bd9993527f52a08a252b5d2acac5/hk2-api-2.6.1.jar:/Users/stephan/.gradle/caches/modules-2/files-2.1/org.glassfish.hk2/hk2-utils/2.6.1/396513aa96c1d5a10aa4f75c4dcbf259a698d62d/hk2-utils-2.6.1.jar:/Users/stephan/.gradle/caches/modules-2/files-2.1/org.glassfish.hk2.external/jakarta.inject/2.6.1/8096ebf722902e75fbd4f532a751e514f02e1eb7/jakarta.inject-2.6.1.jar:/Users/stephan/.gradle/caches/modules-2/files-2.1/org.javassist/javassist/3.30.2-GA/284580b5e42dfa1b8267058566435d9e93fae7f7/javassist-3.30.2-GA.jar:/Users/stephan/.gradle/caches/modules-2/files-2.1/commons-logging/commons-logging/1.2/4bfc12adfe4842bf07b657f0369c4cb522955686/commons-logging-1.2.jar:/Users/stephan/.gradle/caches/modules-2/files-2.1/com.google.auto.value/auto-value-annotations/1.10.4/9679de8286eb0a151db6538ba297a8951c4a1224/auto-value-annotations-1.10.4.jar:/Users/stephan/.gradle/caches/modules-2/files-2.1/com.google.code.findbugs/jsr305/3.0.2/25ea2e8b0c338a877313bd4672d3fe056ea78f0d/jsr305-3.0.2.jar:/Users/stephan/.gradle/caches/modules-2/files-2.1/io.opencensus/opencensus-api/0.31.1/66a60c7201c2b8b20ce495f0295b32bb0ccbbc57/opencensus-api-0.31.1.jar:/Users/stephan/.gradle/caches/modules-2/files-2.1/io.grpc/grpc-context/1.60.1/e823c153f507d3131a13d703fc41c67bae50b73e/grpc-context-1.60.1.jar:/Users/stephan/.gradle/caches/modules-2/files-2.1/io.netty/netty-tcnative-classes/2.0.70.Final/5f75accc769e69f2e6c1e56ba3a08b6c4bcc25f8/netty-tcnative-classes-2.0.70.Final.jar:/Users/stephan/.gradle/caches/modules-2/files-2.1/org.bouncycastle/bcprov-jdk18on/1.82/e1118397395d21909a1b7b15120d0c2a68d7fd0c/bcprov-jdk18on-1.82.jar:/Users/stephan/.gradle/caches/modules-2/files-2.1/jakarta.annotation/jakarta.annotation-api/1.3.5/59eb84ee0d616332ff44aba065f3888cf002cd2d/jakarta.annotation-api-1.3.5.jar:/Users/stephan/.gradle/caches/modules-2/files-2.1/org.glassfish.hk2/osgi-resource-locator/1.0.3/de3b21279df7e755e38275137539be5e2c80dd58/osgi-resource-locator-1.0.3.jar:/Users/stephan/.gradle/caches/modules-2/files-2.1/org.glassfish.hk2.external/aopalliance-repackaged/2.6.1/b2eb0a83bcbb44cc5d25f8b18f23be116313a638/aopalliance-repackaged-2.6.1.jar:/Users/stephan/.gradle/caches/modules-2/files-2.1/io.grpc/grpc-api/1.60.1/b1bc16a34a937c21cbb82cb0619efa7354958567/grpc-api-1.60.1.jar:/Users/stephan/.gradle/caches/9.6.1/transforms/dc67bb6db46d49a62c982698aa2bb43c/transformed/idea-2025.3.3-aarch64/lib/testFramework.jar:/Users/stephan/.gradle/caches/9.6.1/transforms/dc67bb6db46d49a62c982698aa2bb43c/transformed/idea-2025.3.3-aarch64/lib/modules/intellij.platform.editor.frontend.jar:/Users/stephan/.gradle/caches/9.6.1/transforms/dc67bb6db46d49a62c982698aa2bb43c/transformed/idea-2025.3.3-aarch64/lib/modules/intellij.platform.execution.impl.frontend.jar:/Users/stephan/.gradle/caches/9.6.1/transforms/dc67bb6db46d49a62c982698aa2bb43c/transformed/idea-2025.3.3-aarch64/lib/modules/intellij.platform.editor.jar:/Users/stephan/.gradle/caches/9.6.1/transforms/dc67bb6db46d49a62c982698aa2bb43c/transformed/idea-2025.3.3-aarch64/lib/modules/intellij.platform.scopes.backend.jar:/Users/stephan/.gradle/caches/9.6.1/transforms/dc67bb6db46d49a62c982698aa2bb43c/transformed/idea-2025.3.3-aarch64/lib/modules/intellij.platform.completion.backend.jar:/Users/stephan/.gradle/caches/9.6.1/transforms/dc67bb6db46d49a62c982698aa2bb43c/transformed/idea-2025.3.3-aarch64/lib/modules/intellij.grid.types.jar:/Users/stephan/.gradle/caches/9.6.1/transforms/dc67bb6db46d49a62c982698aa2bb43c/transformed/idea-2025.3.3-aarch64/lib/modules/intellij.settingsSync.core.jar:/Users/stephan/.gradle/caches/9.6.1/transforms/dc67bb6db46d49a62c982698aa2bb43c/transformed/idea-2025.3.3-aarch64/lib/modules/intellij.platform.buildView.backend.jar:/Users/stephan/.gradle/caches/9.6.1/transforms/dc67bb6db46d49a62c982698aa2bb43c/transformed/idea-2025.3.3-aarch64/lib/modules/intellij.platform.scriptDebugger.protocolReaderRuntime.jar:/Users/stephan/.gradle/caches/9.6.1/transforms/dc67bb6db46d49a62c982698aa2bb43c/transformed/idea-2025.3.3-aarch64/lib/modules/intellij.platform.lvcs.impl.jar:/Users/stephan/.gradle/caches/9.6.1/transforms/dc67bb6db46d49a62c982698aa2bb43c/transformed/idea-2025.3.3-aarch64/lib/modules/intellij.platform.collaborationTools.auth.jar:/Users/stephan/.gradle/caches/9.6.1/transforms/dc67bb6db46d49a62c982698aa2bb43c/transformed/idea-2025.3.3-aarch64/lib/modules/intellij.platform.rpc.topics.frontend.jar:/Users/stephan/.gradle/caches/9.6.1/transforms/dc67bb6db46d49a62c982698aa2bb43c/transformed/idea-2025.3.3-aarch64/lib/modules/intellij.platform.searchEverywhere.backend.jar:/Users/stephan/.gradle/caches/9.6.1/transforms/dc67bb6db46d49a62c982698aa2bb43c/transformed/idea-2025.3.3-aarch64/lib/modules/intellij.platform.searchEverywhere.jar:/Users/stephan/.gradle/caches/9.6.1/transforms/dc67bb6db46d49a62c982698aa2bb43c/transformed/idea-2025.3.3-aarch64/lib/modules/intellij.profiler.common.jar:/Users/stephan/.gradle/caches/9.6.1/transforms/dc67bb6db46d49a62c982698aa2bb43c/transformed/idea-2025.3.3-aarch64/lib/modules/intellij.platform.scriptDebugger.backend.jar:/Users/stephan/.gradle/caches/9.6.1/transforms/dc67bb6db46d49a62c982698aa2bb43c/transformed/idea-2025.3.3-aarch64/lib/modules/intellij.platform.identifiers.highlighting.shared.jar:/Users/stephan/.gradle/caches/9.6.1/transforms/dc67bb6db46d49a62c982698aa2bb43c/transformed/idea-2025.3.3-aarch64/lib/modules/intellij.platform.execution.serviceView.backend.jar:/Users/stephan/.gradle/caches/9.6.1/transforms/dc67bb6db46d49a62c982698aa2bb43c/transformed/idea-2025.3.3-aarch64/lib/modules/intellij.platform.dap.jar:/Users/stephan/.gradle/caches/9.6.1/transforms/dc67bb6db46d49a62c982698aa2bb43c/transformed/idea-2025.3.3-aarch64/lib/modules/intellij.platform.ide.newUsersOnboarding.jar:/Users/stephan/.gradle/caches/9.6.1/transforms/dc67bb6db46d49a62c982698aa2bb43c/transformed/idea-2025.3.3-aarch64/lib/modules/intellij.platform.pluginManager.shared.jar:/Users/stephan/.gradle/caches/9.6.1/transforms/dc67bb6db46d49a62c982698aa2bb43c/transformed/idea-2025.3.3-aarch64/lib/modules/intellij.platform.tasks.jar:/Users/stephan/.gradle/caches/9.6.1/transforms/dc67bb6db46d49a62c982698aa2bb43c/transformed/idea-2025.3.3-aarch64/lib/modules/intellij.platform.bookmarks.backend.jar:/Users/stephan/.gradle/caches/9.6.1/transforms/dc67bb6db46d49a62c982698aa2bb43c/transformed/idea-2025.3.3-aarch64/lib/modules/intellij.idea.ultimate.customizationTrial.jar:/Users/stephan/.gradle/caches/9.6.1/transforms/dc67bb6db46d49a62c982698aa2bb43c/transformed/idea-2025.3.3-aarch64/lib/modules/intellij.ide.startup.importSettings.jar:/Users/stephan/.gradle/caches/9.6.1/transforms/dc67bb6db46d49a62c982698aa2bb43c/transformed/idea-2025.3.3-aarch64/lib/modules/intellij.libraries.coil.jar:/Users/stephan/.gradle/caches/9.6.1/transforms/dc67bb6db46d49a62c982698aa2bb43c/transformed/idea-2025.3.3-aarch64/lib/modules/intellij.execution.process.elevation.jar:/Users/stephan/.gradle/caches/9.6.1/transforms/dc67bb6db46d49a62c982698aa2bb43c/transformed/idea-2025.3.3-aarch64/lib/modules/intellij.platform.find.backend.jar:/Users/stephan/.gradle/caches/9.6.1/transforms/dc67bb6db46d49a62c982698aa2bb43c/transformed/idea-2025.3.3-aarch64/lib/modules/intellij.platform.clouds.jar:/Users/stephan/.gradle/caches/9.6.1/transforms/dc67bb6db46d49a62c982698aa2bb43c/transformed/idea-2025.3.3-aarch64/lib/modules/intellij.platform.settings.local.jar:/Users/stephan/.gradle/caches/9.6.1/transforms/dc67bb6db46d49a62c982698aa2bb43c/transformed/idea-2025.3.3-aarch64/lib/modules/intellij.platform.langInjection.jar:/Users/stephan/.gradle/caches/9.6.1/transforms/dc67bb6db46d49a62c982698aa2bb43c/transformed/idea-2025.3.3-aarch64/lib/modules/intellij.grid.core.impl.jar:/Users/stephan/.gradle/caches/9.6.1/transforms/dc67bb6db46d49a62c982698aa2bb43c/transformed/idea-2025.3.3-aarch64/lib/modules/intellij.platform.navbar.monolith.jar:/Users/stephan/.gradle/caches/9.6.1/transforms/dc67bb6db46d49a62c982698aa2bb43c/transformed/idea-2025.3.3-aarch64/lib/modules/intellij.platform.execution.dashboard.jar:/Users/stephan/.gradle/caches/9.6.1/transforms/dc67bb6db46d49a62c982698aa2bb43c/transformed/idea-2025.3.3-aarch64/lib/modules/intellij.platform.execution.serviceView.frontend.jar:/Users/stephan/.gradle/caches/9.6.1/transforms/dc67bb6db46d49a62c982698aa2bb43c/transformed/idea-2025.3.3-aarch64/lib/modules/intellij.platform.registry.cloud.jar:/Users/stephan/.gradle/caches/9.6.1/transforms/dc67bb6db46d49a62c982698aa2bb43c/transformed/idea-2025.3.3-aarch64/lib/modules/intellij.platform.debugger.impl.frontend.jar:/Users/stephan/.gradle/caches/9.6.1/transforms/dc67bb6db46d49a62c982698aa2bb43c/transformed/idea-2025.3.3-aarch64/lib/modules/intellij.platform.jewel.markdown.ideLafBridgeStyling.jar:/Users/stephan/.gradle/caches/9.6.1/transforms/dc67bb6db46d49a62c982698aa2bb43c/transformed/idea-2025.3.3-aarch64/lib/modules/intellij.platform.langInjection.backend.jar:/Users/stephan/.gradle/caches/9.6.1/transforms/dc67bb6db46d49a62c982698aa2bb43c/transformed/idea-2025.3.3-aarch64/lib/modules/intellij.platform.vcs.impl.lang.actions.jar:/Users/stephan/.gradle/caches/9.6.1/transforms/dc67bb6db46d49a62c982698aa2bb43c/transformed/idea-2025.3.3-aarch64/lib/modules/intellij.platform.recentFiles.jar:/Users/stephan/.gradle/caches/9.6.1/transforms/dc67bb6db46d49a62c982698aa2bb43c/transformed/idea-2025.3.3-aarch64/lib/modules/intellij.platform.tasks.impl.jar:/Users/stephan/.gradle/caches/9.6.1/transforms/dc67bb6db46d49a62c982698aa2bb43c/transformed/idea-2025.3.3-aarch64/lib/modules/intellij.platform.editor.backend.jar:/Users/stephan/.gradle/caches/9.6.1/transforms/dc67bb6db46d49a62c982698aa2bb43c/transformed/idea-2025.3.3-aarch64/lib/modules/intellij.platform.coverage.jar:/Users/stephan/.gradle/caches/9.6.1/transforms/dc67bb6db46d49a62c982698aa2bb43c/transformed/idea-2025.3.3-aarch64/lib/modules/intellij.platform.coverage.agent.jar:/Users/stephan/.gradle/caches/9.6.1/transforms/dc67bb6db46d49a62c982698aa2bb43c/transformed/idea-2025.3.3-aarch64/lib/modules/intellij.platform.completion.frontend.jar:/Users/stephan/.gradle/caches/9.6.1/transforms/dc67bb6db46d49a62c982698aa2bb43c/transformed/idea-2025.3.3-aarch64/lib/modules/intellij.xml.xmlbeans.jar:/Users/stephan/.gradle/caches/9.6.1/transforms/dc67bb6db46d49a62c982698aa2bb43c/transformed/idea-2025.3.3-aarch64/lib/modules/intellij.platform.navbar.jar:/Users/stephan/.gradle/caches/9.6.1/transforms/dc67bb6db46d49a62c982698aa2bb43c/transformed/idea-2025.3.3-aarch64/lib/modules/intellij.platform.managed.cache.backend.jar:/Users/stephan/.gradle/caches/9.6.1/transforms/dc67bb6db46d49a62c982698aa2bb43c/transformed/idea-2025.3.3-aarch64/lib/modules/intellij.platform.jewel.markdown.extensions.gfmTables.jar:/Users/stephan/.gradle/caches/9.6.1/transforms/dc67bb6db46d49a62c982698aa2bb43c/transformed/idea-2025.3.3-aarch64/lib/modules/intellij.debugger.streams.core.jar:/Users/stephan/.gradle/caches/9.6.1/transforms/dc67bb6db46d49a62c982698aa2bb43c/transformed/idea-2025.3.3-aarch64/lib/modules/intellij.profiler.ultimate.ideaAsyncProfiler.jar:/Users/stephan/.gradle/caches/9.6.1/transforms/dc67bb6db46d49a62c982698aa2bb43c/transformed/idea-2025.3.3-aarch64/lib/modules/intellij.platform.vcs.impl.frontend.jar:/Users/stephan/.gradle/caches/9.6.1/transforms/dc67bb6db46d49a62c982698aa2bb43c/transformed/idea-2025.3.3-aarch64/lib/modules/intellij.rml.dfa.impl.jar:/Users/stephan/.gradle/caches/9.6.1/transforms/dc67bb6db46d49a62c982698aa2bb43c/transformed/idea-2025.3.3-aarch64/lib/modules/intellij.platform.collaborationTools.auth.base.jar:/Users/stephan/.gradle/caches/9.6.1/transforms/dc67bb6db46d49a62c982698aa2bb43c/transformed/idea-2025.3.3-aarch64/lib/modules/intellij.platform.vcs.dvcs.impl.shared.jar:/Users/stephan/.gradle/caches/9.6.1/transforms/dc67bb6db46d49a62c982698aa2bb43c/transformed/idea-2025.3.3-aarch64/lib/modules/intellij.platform.frontend.jar:/Users/stephan/.gradle/caches/9.6.1/transforms/dc67bb6db46d49a62c982698aa2bb43c/transformed/idea-2025.3.3-aarch64/lib/modules/intellij.platform.vcs.dvcs.impl.jar:/Users/stephan/.gradle/caches/9.6.1/transforms/dc67bb6db46d49a62c982698aa2bb43c/transformed/idea-2025.3.3-aarch64/lib/modules/intellij.platform.ide.impl.wsl.jar:/Users/stephan/.gradle/caches/9.6.1/transforms/dc67bb6db46d49a62c982698aa2bb43c/transformed/idea-2025.3.3-aarch64/lib/modules/intellij.platform.tips.jar:/Users/stephan/.gradle/caches/9.6.1/transforms/dc67bb6db46d49a62c982698aa2bb43c/transformed/idea-2025.3.3-aarch64/lib/modules/intellij.execution.process.mediator.daemon.jar:/Users/stephan/.gradle/caches/9.6.1/transforms/dc67bb6db46d49a62c982698aa2bb43c/transformed/idea-2025.3.3-aarch64/lib/modules/intellij.spellchecker.xml.jar:/Users/stephan/.gradle/caches/9.6.1/transforms/dc67bb6db46d49a62c982698aa2bb43c/transformed/idea-2025.3.3-aarch64/lib/modules/intellij.platform.execution.impl.backend.jar:/Users/stephan/.gradle/caches/9.6.1/transforms/dc67bb6db46d49a62c982698aa2bb43c/transformed/idea-2025.3.3-aarch64/lib/modules/intellij.libraries.kotlinx.document.store.mvstore.jar:/Users/stephan/.gradle/caches/9.6.1/transforms/dc67bb6db46d49a62c982698aa2bb43c/transformed/idea-2025.3.3-aarch64/lib/modules/intellij.platform.navbar.backend.jar:/Users/stephan/.gradle/caches/9.6.1/transforms/dc67bb6db46d49a62c982698aa2bb43c/transformed/idea-2025.3.3-aarch64/lib/modules/intellij.libraries.javax.activation.jar:/Users/stephan/.gradle/caches/9.6.1/transforms/dc67bb6db46d49a62c982698aa2bb43c/transformed/idea-2025.3.3-aarch64/lib/modules/intellij.profiler.asyncOne.jar:/Users/stephan/.gradle/caches/9.6.1/transforms/dc67bb6db46d49a62c982698aa2bb43c/transformed/idea-2025.3.3-aarch64/lib/modules/intellij.platform.bookmarks.frontend.jar:/Users/stephan/.gradle/caches/9.6.1/transforms/dc67bb6db46d49a62c982698aa2bb43c/transformed/idea-2025.3.3-aarch64/lib/modules/intellij.debugger.streams.shared.jar:/Users/stephan/.gradle/caches/9.6.1/transforms/dc67bb6db46d49a62c982698aa2bb43c/transformed/idea-2025.3.3-aarch64/lib/modules/intellij.platform.lang.impl.backend.jar:/Users/stephan/.gradle/caches/9.6.1/transforms/dc67bb6db46d49a62c982698aa2bb43c/transformed/idea-2025.3.3-aarch64/lib/modules/intellij.platform.execution.serviceView.jar:/Users/stephan/.gradle/caches/9.6.1/transforms/dc67bb6db46d49a62c982698aa2bb43c/transformed/idea-2025.3.3-aarch64/lib/modules/intellij.platform.jewel.markdown.extensions.gfmAlerts.jar:/Users/stephan/.gradle/caches/9.6.1/transforms/dc67bb6db46d49a62c982698aa2bb43c/transformed/idea-2025.3.3-aarch64/lib/modules/intellij.platform.collaborationTools.jar:/Users/stephan/.gradle/caches/9.6.1/transforms/dc67bb6db46d49a62c982698aa2bb43c/transformed/idea-2025.3.3-aarch64/lib/modules/intellij.platform.identifiers.highlighting.backend.jar:/Users/stephan/.gradle/caches/9.6.1/transforms/dc67bb6db46d49a62c982698aa2bb43c/transformed/idea-2025.3.3-aarch64/lib/modules/intellij.platform.recentFiles.frontend.jar:/Users/stephan/.gradle/caches/9.6.1/transforms/dc67bb6db46d49a62c982698aa2bb43c/transformed/idea-2025.3.3-aarch64/lib/modules/intellij.platform.searchEverywhere.frontend.jar:/Users/stephan/.gradle/caches/9.6.1/transforms/dc67bb6db46d49a62c982698aa2bb43c/transformed/idea-2025.3.3-aarch64/lib/modules/intellij.emojipicker.jar:/Users/stephan/.gradle/caches/9.6.1/transforms/dc67bb6db46d49a62c982698aa2bb43c/transformed/idea-2025.3.3-aarch64/lib/modules/intellij.libraries.grpc.jar:/Users/stephan/.gradle/caches/9.6.1/transforms/dc67bb6db46d49a62c982698aa2bb43c/transformed/idea-2025.3.3-aarch64/lib/modules/intellij.platform.monolith.jar:/Users/stephan/.gradle/caches/9.6.1/transforms/dc67bb6db46d49a62c982698aa2bb43c/transformed/idea-2025.3.3-aarch64/lib/modules/intellij.platform.progress.backend.jar:/Users/stephan/.gradle/caches/9.6.1/transforms/dc67bb6db46d49a62c982698aa2bb43c/transformed/idea-2025.3.3-aarch64/lib/modules/intellij.xml.langInjection.xpath.jar:/Users/stephan/.gradle/caches/9.6.1/transforms/dc67bb6db46d49a62c982698aa2bb43c/transformed/idea-2025.3.3-aarch64/lib/modules/intellij.platform.scriptDebugger.ui.jar:/Users/stephan/.gradle/caches/9.6.1/transforms/dc67bb6db46d49a62c982698aa2bb43c/transformed/idea-2025.3.3-aarch64/lib/modules/intellij.rd.ui.jar:/Users/stephan/.gradle/caches/9.6.1/transforms/dc67bb6db46d49a62c982698aa2bb43c/transformed/idea-2025.3.3-aarch64/lib/modules/intellij.platform.pluginManager.backend.jar:/Users/stephan/.gradle/caches/9.6.1/transforms/dc67bb6db46d49a62c982698aa2bb43c/transformed/idea-2025.3.3-aarch64/lib/modules/intellij.platform.recentFiles.backend.jar:/Users/stephan/.gradle/caches/9.6.1/transforms/dc67bb6db46d49a62c982698aa2bb43c/transformed/idea-2025.3.3-aarch64/lib/modules/intellij.libraries.grpc.netty.shaded.jar:/Users/stephan/.gradle/caches/9.6.1/transforms/dc67bb6db46d49a62c982698aa2bb43c/transformed/idea-2025.3.3-aarch64/lib/modules/intellij.platform.jewel.markdown.extensions.images.jar:/Users/stephan/.gradle/caches/9.6.1/transforms/dc67bb6db46d49a62c982698aa2bb43c/transformed/idea-2025.3.3-aarch64/lib/modules/intellij.idea.ultimate.feedback.jar:/Users/stephan/.gradle/caches/9.6.1/transforms/dc67bb6db46d49a62c982698aa2bb43c/transformed/idea-2025.3.3-aarch64/lib/modules/intellij.platform.compose.markdown.jar:/Users/stephan/.gradle/caches/9.6.1/transforms/dc67bb6db46d49a62c982698aa2bb43c/transformed/idea-2025.3.3-aarch64/lib/modules/intellij.platform.vcs.log.graph.impl.jar:/Users/stephan/.gradle/caches/9.6.1/transforms/dc67bb6db46d49a62c982698aa2bb43c/transformed/idea-2025.3.3-aarch64/lib/modules/intellij.grid.impl.jar:/Users/stephan/.gradle/caches/9.6.1/transforms/dc67bb6db46d49a62c982698aa2bb43c/transformed/idea-2025.3.3-aarch64/lib/modules/intellij.rd.ide.model.generated.jar:/Users/stephan/.gradle/caches/9.6.1/transforms/dc67bb6db46d49a62c982698aa2bb43c/transformed/idea-2025.3.3-aarch64/lib/modules/intellij.idea.customization.backend.jar:/Users/stephan/.gradle/caches/9.6.1/transforms/dc67bb6db46d49a62c982698aa2bb43c/transformed/idea-2025.3.3-aarch64/lib/modules/intellij.platform.jewel.markdown.extensions.gfmStrikethrough.jar:/Users/stephan/.gradle/caches/9.6.1/transforms/dc67bb6db46d49a62c982698aa2bb43c/transformed/idea-2025.3.3-aarch64/lib/modules/intellij.platform.pluginManager.frontend.jar:/Users/stephan/.gradle/caches/9.6.1/transforms/dc67bb6db46d49a62c982698aa2bb43c/transformed/idea-2025.3.3-aarch64/lib/modules/intellij.rd.platform.jar:/Users/stephan/.gradle/caches/9.6.1/transforms/dc67bb6db46d49a62c982698aa2bb43c/transformed/idea-2025.3.3-aarch64/lib/modules/intellij.execution.process.mediator.client.jar:/Users/stephan/.gradle/caches/9.6.1/transforms/dc67bb6db46d49a62c982698aa2bb43c/transformed/idea-2025.3.3-aarch64/lib/modules/intellij.platform.vcs.impl.exec.jar:/Users/stephan/.gradle/caches/9.6.1/transforms/dc67bb6db46d49a62c982698aa2bb43c/transformed/idea-2025.3.3-aarch64/lib/modules/intellij.platform.trialPromotion.idesWithFreeTier.jar:/Users/stephan/.gradle/caches/9.6.1/transforms/dc67bb6db46d49a62c982698aa2bb43c/transformed/idea-2025.3.3-aarch64/lib/modules/intellij.platform.customization.min.jar:/Users/stephan/.gradle/caches/9.6.1/transforms/dc67bb6db46d49a62c982698aa2bb43c/transformed/idea-2025.3.3-aarch64/lib/modules/intellij.platform.vcs.log.impl.jar:/Users/stephan/.gradle/caches/9.6.1/transforms/dc67bb6db46d49a62c982698aa2bb43c/transformed/idea-2025.3.3-aarch64/lib/modules/intellij.libraries.commons.text.jar:/Users/stephan/.gradle/caches/9.6.1/transforms/dc67bb6db46d49a62c982698aa2bb43c/transformed/idea-2025.3.3-aarch64/lib/modules/intellij.platform.smRunner.vcs.jar:/Users/stephan/.gradle/caches/9.6.1/transforms/dc67bb6db46d49a62c982698aa2bb43c/transformed/idea-2025.3.3-aarch64/lib/modules/intellij.platform.debugger.impl.backend.jar:/Users/stephan/.gradle/caches/9.6.1/transforms/dc67bb6db46d49a62c982698aa2bb43c/transformed/idea-2025.3.3-aarch64/lib/modules/intellij.relaxng.jar:/Users/stephan/.gradle/caches/9.6.1/transforms/dc67bb6db46d49a62c982698aa2bb43c/transformed/idea-2025.3.3-aarch64/lib/modules/intellij.debugger.streams.backend.jar:/Users/stephan/.gradle/caches/9.6.1/transforms/dc67bb6db46d49a62c982698aa2bb43c/transformed/idea-2025.3.3-aarch64/lib/modules/intellij.platform.inspect.jar:/Users/stephan/.gradle/caches/9.6.1/transforms/dc67bb6db46d49a62c982698aa2bb43c/transformed/idea-2025.3.3-aarch64/lib/modules/intellij.platform.navbar.frontend.jar:/Users/stephan/.gradle/caches/9.6.1/transforms/dc67bb6db46d49a62c982698aa2bb43c/transformed/idea-2025.3.3-aarch64/lib/modules/intellij.grid.jar:/Users/stephan/.gradle/caches/9.6.1/transforms/dc67bb6db46d49a62c982698aa2bb43c/transformed/idea-2025.3.3-aarch64/lib/modules/intellij.platform.trialPromotion.common.jar:/Users/stephan/.gradle/caches/9.6.1/transforms/dc67bb6db46d49a62c982698aa2bb43c/transformed/idea-2025.3.3-aarch64/lib/modules/intellij.platform.rpc.topics.backend.jar:/Users/stephan/.gradle/caches/9.6.1/transforms/dc67bb6db46d49a62c982698aa2bb43c/transformed/idea-2025.3.3-aarch64/lib/modules/intellij.platform.vcs.dvcs.jar:/Users/stephan/.gradle/caches/9.6.1/transforms/dc67bb6db46d49a62c982698aa2bb43c/transformed/idea-2025.3.3-aarch64/lib/modules/intellij.platform.diagnostic.telemetry.agent.extension.jar:/Users/stephan/.gradle/caches/9.6.1/transforms/dc67bb6db46d49a62c982698aa2bb43c/transformed/idea-2025.3.3-aarch64/lib/modules/intellij.platform.diagnostic.freezes.jar:/Users/stephan/.gradle/caches/9.6.1/transforms/dc67bb6db46d49a62c982698aa2bb43c/transformed/idea-2025.3.3-aarch64/lib/modules/intellij.idea.customization.base.jar:/Users/stephan/.gradle/caches/9.6.1/transforms/dc67bb6db46d49a62c982698aa2bb43c/transformed/idea-2025.3.3-aarch64/lib/modules/intellij.platform.execution.dashboard.frontend.jar:/Users/stephan/.gradle/caches/9.6.1/transforms/dc67bb6db46d49a62c982698aa2bb43c/transformed/idea-2025.3.3-aarch64/lib/modules/intellij.platform.buildView.jar:/Users/stephan/.gradle/caches/9.6.1/transforms/dc67bb6db46d49a62c982698aa2bb43c/transformed/idea-2025.3.3-aarch64/lib/modules/intellij.grid.csv.core.impl.jar:/Users/stephan/.gradle/caches/9.6.1/transforms/dc67bb6db46d49a62c982698aa2bb43c/transformed/idea-2025.3.3-aarch64/lib/modules/intellij.libraries.xml.rpc.jar:/Users/stephan/.gradle/caches/9.6.1/transforms/dc67bb6db46d49a62c982698aa2bb43c/transformed/idea-2025.3.3-aarch64/lib/modules/intellij.platform.warmup.jar:/Users/stephan/.gradle/caches/9.6.1/transforms/dc67bb6db46d49a62c982698aa2bb43c/transformed/idea-2025.3.3-aarch64/lib/modules/intellij.platform.execution.dashboard.backend.jar:/Users/stephan/.gradle/caches/9.6.1/transforms/dc67bb6db46d49a62c982698aa2bb43c/transformed/idea-2025.3.3-aarch64/lib/modules/intellij.charts.jar:/Users/stephan/.gradle/caches/9.6.1/transforms/dc67bb6db46d49a62c982698aa2bb43c/transformed/idea-2025.3.3-aarch64/lib/modules/intellij.platform.ide.newUiOnboarding.jar:/Users/stephan/.gradle/caches/9.6.1/transforms/dc67bb6db46d49a62c982698aa2bb43c/transformed/idea-2025.3.3-aarch64/lib/modules/intellij.platform.project.backend.jar:/Users/stephan/.gradle/caches/9.6.1/transforms/dc67bb6db46d49a62c982698aa2bb43c/transformed/idea-2025.3.3-aarch64/lib/modules/intellij.platform.jewel.markdown.extensions.autolink.jar:/Users/stephan/.gradle/caches/9.6.1/transforms/dc67bb6db46d49a62c982698aa2bb43c/transformed/idea-2025.3.3-aarch64/lib/modules/intellij.platform.trace.consent.jar:/Users/stephan/.gradle/caches/9.6.1/transforms/dc67bb6db46d49a62c982698aa2bb43c/transformed/idea-2025.3.3-aarch64/lib/modules/intellij.platform.buildView.frontend.jar:/Users/stephan/.gradle/caches/9.6.1/transforms/dc67bb6db46d49a62c982698aa2bb43c/transformed/idea-2025.3.3-aarch64/lib/modules/intellij.platform.completion.common.jar:/Users/stephan/.gradle/caches/9.6.1/transforms/dc67bb6db46d49a62c982698aa2bb43c/transformed/idea-2025.3.3-aarch64/lib/modules/intellij.execution.process.mediator.common.jar:/Users/stephan/.gradle/caches/9.6.1/transforms/dc67bb6db46d49a62c982698aa2bb43c/transformed/idea-2025.3.3-aarch64/lib/modules/intellij.xml.langInjection.jar:/Users/stephan/.gradle/caches/9.6.1/transforms/dc67bb6db46d49a62c982698aa2bb43c/transformed/idea-2025.3.3-aarch64/lib/modules/intellij.platform.jewel.markdown.core.jar:/Users/stephan/.gradle/caches/9.6.1/transforms/dc67bb6db46d49a62c982698aa2bb43c/transformed/idea-2025.3.3-aarch64/lib/modules/intellij.platform.ml.impl.jar:/Users/stephan/.gradle/caches/9.6.1/transforms/dc67bb6db46d49a62c982698aa2bb43c/transformed/idea-2025.3.3-aarch64/lib/modules/intellij.platform.inline.completion.jar:/Users/stephan/.gradle/caches/9.6.1/transforms/dc67bb6db46d49a62c982698aa2bb43c/transformed/idea-2025.3.3-aarch64/lib/modules/intellij.platform.diagnostic.freezeAnalyzer.jar:/Users/stephan/.gradle/caches/9.6.1/transforms/dc67bb6db46d49a62c982698aa2bb43c/transformed/idea-2025.3.3-aarch64/lib/nio-fs.jar
Launcher Type: SUN_STANDARD

[Global flags]
     intx CICompilerCount                          = 2                                         {product} {command line}
     uint ConcGCThreads                            = 3                                         {product} {ergonomic}
     uint G1ConcRefinementThreads                  = 13                                        {product} {ergonomic}
   size_t G1HeapRegionSize                         = 1048576                                   {product} {ergonomic}
    uintx GCDrainStackTargetSize                   = 64                                        {product} {ergonomic}
     bool HeapDumpOnOutOfMemoryError               = true                                   {manageable} {command line}
     bool IgnoreUnrecognizedVMOptions              = true                                      {product} {command line}
   size_t InitialHeapSize                          = 134217728                                 {product} {command line}
    uintx JbrShrinkingGcMaxHeapFreeRatio           = 40                                     {manageable} {command line}
   size_t MarkStackSize                            = 4194304                                   {product} {ergonomic}
   size_t MaxHeapSize                              = 1073741824                                {product} {command line}
   size_t MaxNewSize                               = 643825664                                 {product} {ergonomic}
   size_t MinHeapDeltaBytes                        = 1048576                                   {product} {ergonomic}
   size_t MinHeapSize                              = 134217728                                 {product} {command line}
    uintx NonNMethodCodeHeapSize                   = 5826252                                {pd product} {ergonomic}
    uintx NonProfiledCodeHeapSize                  = 265522330                              {pd product} {ergonomic}
     bool OmitStackTraceInFastThrow                = false                                     {product} {command line}
    uintx ProfiledCodeHeapSize                     = 265522330                              {pd product} {ergonomic}
    uintx ReservedCodeCacheSize                    = 536870912                              {pd product} {command line}
     bool SegmentedCodeCache                       = true                                      {product} {ergonomic}
   size_t SoftMaxHeapSize                          = 1073741824                             {manageable} {ergonomic}
     intx TieredOldPercentage                      = 100000                                 {diagnostic} {command line}
     bool UnlockDiagnosticVMOptions                = true                                   {diagnostic} {command line}
     bool UseCompressedOops                        = true                           {product lp64_product} {ergonomic}
     bool UseG1GC                                  = true                                      {product} {ergonomic}
     bool UseNUMA                                  = false                                     {product} {ergonomic}
     bool UseNUMAInterleaving                      = false                                     {product} {ergonomic}

Logging:
Log output configuration:
 #0: stdout all=warning uptime,level,tags foldmultilines=false
 #1: stderr all=off uptime,level,tags foldmultilines=false

Release file:
<release file has not been read>
Environment Variables:
JAVA_HOME=/Users/stephan/.sdkman/candidates/java/21-zulu
PATH=/Users/stephan/.mtplx/bin:/Users/stephan/.kimi-code/bin:/Users/stephan/.antigravity-ide/antigravity-ide/bin:/Users/stephan/.agent-view/bin:/Users/stephan/.opencode/bin:/Users/stephan/.bun/bin:/Users/stephan/.antigravity/antigravity/bin:/Users/stephan/Library/pnpm:/opt/homebrew/share/google-cloud-sdk/bin:/Users/stephan/.rbenv/shims:/Users/stephan/.codeium/windsurf/bin:/Users/stephan/.jbang/bin:/Users/stephan/.nvm/versions/node/v22.22.3/bin:/Users/stephan/.sdkman/candidates/maven/current/bin:/Users/stephan/.sdkman/candidates/java/current/bin:/Users/stephan/.local/bin:/Library/Frameworks/Python.framework/Versions/3.12/bin:/opt/homebrew/bin:/opt/homebrew/sbin:/usr/local/bin:/System/Cryptexes/App/usr/bin:/usr/bin:/bin:/usr/sbin:/sbin:/var/run/com.apple.security.cryptexd/codex.system/bootstrap/usr/local/bin:/var/run/com.apple.security.cryptexd/codex.system/bootstrap/usr/bin:/var/run/com.apple.security.cryptexd/codex.system/bootstrap/usr/appleinternal/bin:/pkg/env/global/bin:/Library/Apple/usr/bin:/Users/stephan/.local/bin:/Users/stephan/.cargo/bin:/usr/ucb:/Users/stephan/.cache/lm-studio/bin:/Users/stephan/.claude/plugins/cache/claude-plugins-official/clangd-lsp/1.0.0/bin:/Users/stephan/.claude/plugins/cache/claude-plugins-official/jdtls-lsp/1.0.0/bin:/Users/stephan/.claude/plugins/cache/claude-code-plugins/security-guidance/2.0.0/bin:/Users/stephan/.claude/plugins/cache/claude-plugins-official/swift-lsp/1.0.0/bin:/Users/stephan/.claude/plugins/cache/claude-plugins-official/skill-creator/unknown/bin:/Users/stephan/.claude/plugins/cache/claude-plugins-official/frontend-design/unknown/bin:/Users/stephan/.claude/plugins/cache/claude-code-plugins/pr-review-toolkit/1.0.0/bin:/Users/stephan/.claude/plugins/cache/claude-plugins-official/superpowers/6.2.0/bin:/Users/stephan/.claude/plugins/cache/devoxx-plugins/devoxx-voxxed-cfp/0.3.0/bin:/Users/stephan/.claude/plugins/cache/engram/engram/0.1.1/bin:/Users/stephan/.claude/plugins/cache/openai-codex/codex/1.0.6/bin
SHELL=/bin/zsh
LANG=en_US.UTF-8
TERM=xterm-256color

Active Locale:
LC_ALL=en_US.UTF-8
LC_COLLATE=en_US.UTF-8
LC_CTYPE=en_US.UTF-8
LC_MESSAGES=en_US.UTF-8
LC_MONETARY=en_US.UTF-8
LC_NUMERIC=en_US.UTF-8
LC_TIME=en_US.UTF-8

Signal Handlers:
   SIGSEGV: crash_handler in libjvm.dylib, mask=11100110000111110111111111111111, flags=SA_ONSTACK|SA_RESTART|SA_SIGINFO, unblocked
    SIGBUS: crash_handler in libjvm.dylib, mask=11100110000111110111111111111111, flags=SA_RESTART|SA_SIGINFO, unblocked
    SIGFPE: crash_handler in libjvm.dylib, mask=11100110000111110111111111111111, flags=SA_RESTART|SA_SIGINFO, unblocked
   SIGPIPE: javaSignalHandler in libjvm.dylib, mask=11100110000111110111111111111111, flags=SA_RESTART|SA_SIGINFO, blocked
   SIGXFSZ: javaSignalHandler in libjvm.dylib, mask=11100110000111110111111111111111, flags=SA_RESTART|SA_SIGINFO, blocked
    SIGILL: crash_handler in libjvm.dylib, mask=11100110000111110111111111111111, flags=SA_RESTART|SA_SIGINFO, unblocked
   SIGUSR2: SR_handler in libjvm.dylib, mask=00000000000000000000000000000000, flags=SA_RESTART|SA_SIGINFO, blocked
    SIGHUP: UserHandler in libjvm.dylib, mask=11100110000111110111111111111111, flags=SA_RESTART|SA_SIGINFO, blocked
    SIGINT: UserHandler in libjvm.dylib, mask=11100110000111110111111111111111, flags=SA_RESTART|SA_SIGINFO, blocked
   SIGTERM: UserHandler in libjvm.dylib, mask=11100110000111110111111111111111, flags=SA_RESTART|SA_SIGINFO, blocked
   SIGQUIT: UserHandler in libjvm.dylib, mask=11100110000111110111111111111111, flags=SA_RESTART|SA_SIGINFO, blocked
   SIGTRAP: crash_handler in libjvm.dylib, mask=11100110000111110111111111111111, flags=SA_RESTART|SA_SIGINFO, unblocked


Periodic native trim disabled

JNI global refs:
JNI global refs: 8, weak refs: 0

JNI global refs memory usage: 835, weak refs: 833

Process memory usage:
Resident Set Size: 241840K (0% of 134217728K total physical memory with 60237696K free physical memory)

OOME stack traces (most recent first):
Classloader memory used:
Loader bootstrap                                                                       : 1249K
Loader jdk.internal.loader.ClassLoaders$AppClassLoader                                 : 367K
Loader com.intellij.util.lang.PathClassLoader                                          : 134K
Loader jdk.internal.loader.ClassLoaders$PlatformClassLoader                            : 22904B

---------------  S Y S T E M  ---------------

OS:
uname: Darwin 25.5.0 Darwin Kernel Version 25.5.0: Tue Jun  9 22:28:34 PDT 2026; root:xnu-12377.121.10~1/RELEASE_ARM64_T6041 arm64
OS uptime: 0 days 17:54 hours
rlimit (soft/hard): STACK 8176k/65520k , CORE 0k/infinity , NPROC 10666/16000 , NOFILE 10240/infinity , AS infinity/infinity , CPU infinity/infinity , DATA infinity/infinity , FSIZE infinity/infinity , MEMLOCK infinity/infinity , RSS infinity/infinity
load average: 7.30 4.99 4.51

CPU: total 16 (initial active 16) 0x61:0x0:0x17d5b93a:0, fp, asimd, aes, pmull, sha1, sha256, crc32, lse, sha3, sha512
machdep.cpu.brand_string:Apple M4 Max
hw.cachelinesize:128
hw.l1icachesize:131072
hw.l1dcachesize:65536
hw.l2cachesize:4194304

Memory: 16k page, physical 134217728k(60237696k free), swap 15728640k(955200k free)

vm_info: OpenJDK 64-Bit Server VM (21.0.10+7-b1163.108) for bsd-aarch64 JRE (21.0.10+7-b1163.108), built on 2026-02-06 by "builduser" with clang Apple LLVM 15.0.0 (clang-1500.1.0.2.5)

END.
